#include <stddef.h>
const char purgatory[] = {
0x7f, 0x45, 0x4c, 0x46, 0x02, 0x01, 0x01, 0x00, 0x00, 0x00, 0x00, 0x00, 0x00, 0x00, 0x00, 0x00,
0x01, 0x00, 0xb7, 0x00, 0x01, 0x00, 0x00, 0x00, 0x20, 0x07, 0x00, 0x00, 0x00, 0x00, 0x00, 0x00,
0x00, 0x00, 0x00, 0x00, 0x00, 0x00, 0x00, 0x00, 0x70, 0x4c, 0x00, 0x00, 0x00, 0x00, 0x00, 0x00,
0x00, 0x00, 0x00, 0x00, 0x40, 0x00, 0x00, 0x00, 0x00, 0x00, 0x40, 0x00, 0x0d, 0x00, 0x0c, 0x00,
0xff, 0x03, 0x03, 0xd1, 0xe0, 0x03, 0x00, 0x91, 0xfd, 0x7b, 0x09, 0xa9, 0xf6, 0x57, 0x0a, 0xa9,
0xf4, 0x4f, 0x0b, 0xa9, 0xfd, 0x43, 0x02, 0x91, 0x00, 0x00, 0x00, 0x94, 0x13, 0x00, 0x80, 0xd2,
0x14, 0x00, 0x80, 0xd2, 0x13, 0x00, 0xa0, 0xf2, 0x14, 0x00, 0xa0, 0xf2, 0x13, 0x00, 0xc0, 0xf2,
0x14, 0x00, 0xc0, 0xf2, 0x13, 0x00, 0xe0, 0xf2, 0x14, 0x00, 0xe0, 0xf2, 0x61, 0x0a, 0xc1, 0xa8,
0xe0, 0x03, 0x00, 0x91, 0x00, 0x00, 0x00, 0x94, 0x7f, 0x02, 0x14, 0xeb, 0x83, 0xff, 0xff, 0x54,
0xe0, 0x03, 0x00, 0x91, 0xa1, 0x83, 0x00, 0xd1, 0xb5, 0x83, 0x00, 0xd1, 0x00, 0x00, 0x00, 0x94,
0x13, 0x00, 0x80, 0xd2, 0x13, 0x00, 0xa0, 0xf2, 0x13, 0x00, 0xc0, 0xf2, 0x13, 0x00, 0xe0, 0xf2,
0xa0, 0x83, 0x00, 0xd1, 0x02, 0x04, 0x80, 0x52, 0xe1, 0x03, 0x13, 0xaa, 0x00, 0x00, 0x00, 0x94,
0x60, 0x05, 0x00, 0x34, 0x00, 0x00, 0x80, 0xd2, 0x00, 0x00, 0xa0, 0xf2, 0x00, 0x00, 0xc0, 0xf2,
0x00, 0x00, 0xe0, 0xf2, 0x00, 0x00, 0x00, 0x94, 0x00, 0x00, 0x80, 0xd2, 0x00, 0x00, 0xa0, 0xf2,
0x00, 0x00, 0xc0, 0xf2, 0x00, 0x00, 0xe0, 0xf2, 0x00, 0x00, 0x00, 0x94, 0x14, 0x00, 0x80, 0xd2,
0x14, 0x00, 0xa0, 0xf2, 0x14, 0x00, 0xc0, 0xf2, 0xf6, 0x03, 0x1f, 0xaa, 0x14, 0x00, 0xe0, 0xf2,
0xa1, 0x6a, 0x76, 0x38, 0xe0, 0x03, 0x14, 0xaa, 0x00, 0x00, 0x00, 0x94, 0xd6, 0x06, 0x00, 0x91,
0xdf, 0x82, 0x00, 0xf1, 0x61, 0xff, 0xff, 0x54, 0x15, 0x00, 0x80, 0xd2, 0x15, 0x00, 0xa0, 0xf2,
0x15, 0x00, 0xc0, 0xf2, 0x15, 0x00, 0xe0, 0xf2, 0xe0, 0x03, 0x15, 0xaa, 0x00, 0x00, 0x00, 0x94,
0x00, 0x00, 0x80, 0xd2, 0x00, 0x00, 0xa0, 0xf2, 0x00, 0x00, 0xc0, 0xf2, 0x00, 0x00, 0xe0, 0xf2,
0x00, 0x00, 0x00, 0x94, 0xf6, 0x03, 0x1f, 0xaa, 0x61, 0x6a, 0x76, 0x38, 0xe0, 0x03, 0x14, 0xaa,
0x00, 0x00, 0x00, 0x94, 0xd6, 0x06, 0x00, 0x91, 0xdf, 0x82, 0x00, 0xf1, 0x61, 0xff, 0xff, 0x54,
0xe0, 0x03, 0x15, 0xaa, 0x00, 0x00, 0x00, 0x94, 0x20, 0x00, 0x80, 0x52, 0xf4, 0x4f, 0x4b, 0xa9,
0xf6, 0x57, 0x4a, 0xa9, 0xfd, 0x7b, 0x49, 0xa9, 0xff, 0x03, 0x03, 0x91, 0xc0, 0x03, 0x5f, 0xd6,
0xfd, 0x7b, 0xbf, 0xa9, 0x00, 0x00, 0x80, 0xd2, 0x00, 0x00, 0xa0, 0xf2, 0x00, 0x00, 0xc0, 0xf2,
0x00, 0x00, 0xe0, 0xf2, 0xfd, 0x03, 0x00, 0x91, 0x00, 0x00, 0x00, 0x94, 0x00, 0x00, 0x00, 0x94,
0x00, 0x00, 0x00, 0x94, 0x40, 0x00, 0x00, 0x34, 0x00, 0x00, 0x00, 0x14, 0xfd, 0x7b, 0xc1, 0xa8,
0x00, 0x00, 0x00, 0x14, 0xff, 0x43, 0x02, 0xd1, 0xf8, 0x5f, 0x06, 0xa9, 0xf6, 0x57, 0x07, 0xa9,
0xf5, 0x23, 0x00, 0x91, 0xf7, 0xe7, 0x03, 0xb2, 0xfc, 0x6f, 0x04, 0xa9, 0xfa, 0x67, 0x05, 0xa9,
0xf4, 0x4f, 0x08, 0xa9, 0xf3, 0x03, 0x02, 0xaa, 0xf4, 0x03, 0x01, 0xaa, 0xf7, 0xcc, 0x8c, 0xf2,
0x58, 0x01, 0x80, 0x52, 0x9a, 0x01, 0x80, 0x52, 0xbb, 0x02, 0x40, 0xb2, 0x9c, 0x00, 0x80, 0x52,
0xfd, 0x7b, 0x03, 0xa9, 0xfd, 0xc3, 0x00, 0x91, 0x88, 0x02, 0x40, 0x39, 0x1f, 0x95, 0x00, 0x71,
0xa0, 0x00, 0x00, 0x54, 0x08, 0x1b, 0x00, 0x34, 0x80, 0x06, 0x00, 0xb4, 0x08, 0x14, 0x00, 0x38,
0x9a, 0x00, 0x00, 0x14, 0xf6, 0x03, 0x14, 0xaa, 0xc9, 0x1e, 0x40, 0x38, 0x3f, 0xcd, 0x01, 0x71,
0x41, 0x01, 0x00, 0x54, 0x68, 0x1a, 0x80, 0xb9, 0x88, 0x03, 0xf8, 0x36, 0x09, 0x21, 0x00, 0x11,
0x1f, 0x21, 0x00, 0x31, 0x69, 0x1a, 0x00, 0xb9, 0x0c, 0x03, 0x00, 0x54, 0x69, 0x06, 0x40, 0xf9,
0x28, 0x01, 0x08, 0x8b, 0x18, 0x00, 0x00, 0x14, 0x3f, 0xb1, 0x01, 0x71, 0xa0, 0x00, 0x00, 0x54,
0x3f, 0xa1, 0x01, 0x71, 0xa0, 0x04, 0x00, 0x54, 0x3f, 0x31, 0x01, 0x71, 0x01, 0x06, 0x00, 0x54,
0x89, 0x2e, 0x40, 0x38, 0x28, 0x79, 0x1a, 0x12, 0x1f, 0x61, 0x01, 0x71, 0xf6, 0x03, 0x14, 0xaa,
0x01, 0x07, 0x00, 0x54, 0x68, 0x1a, 0x80, 0xb9, 0xe8, 0x08, 0xf8, 0x36, 0x09, 0x21, 0x00, 0x11,
0x1f, 0x21, 0x00, 0x31, 0x69, 0x1a, 0x00, 0xb9, 0x6c, 0x08, 0x00, 0x54, 0x69, 0x06, 0x40, 0xf9,
0x28, 0x01, 0x08, 0x8b, 0x43, 0x00, 0x00, 0x14, 0x68, 0x02, 0x40, 0xf9, 0x09, 0x21, 0x00, 0x91,
0x69, 0x02, 0x00, 0xf9, 0x09, 0x01, 0x40, 0xf9, 0x28, 0x01, 0x40, 0x39, 0x48, 0x0e, 0x00, 0x34,
0x34, 0x05, 0x00, 0x91, 0x60, 0x00, 0x00, 0xb4, 0x08, 0x14, 0x00, 0x38, 0x04, 0x00, 0x00, 0x14,
0x00, 0x1d, 0x00, 0x12, 0x00, 0x00, 0x00, 0x94, 0xe0, 0x03, 0x1f, 0xaa, 0x88, 0x16, 0x40, 0x38,
0x28, 0xff, 0xff, 0x35, 0x68, 0x00, 0x00, 0x14, 0xe0, 0x03, 0x08, 0x2a, 0x00, 0x00, 0x00, 0x94,
0xe0, 0x03, 0x1f, 0xaa, 0x65, 0x00, 0x00, 0x14, 0xe8, 0x03, 0x14, 0xaa, 0x09, 0x2d, 0x40, 0x38,
0x8a, 0x0e, 0x00, 0x91, 0x3f, 0xa1, 0x01, 0x71, 0x49, 0x00, 0x80, 0x52, 0x29, 0x15, 0x89, 0x9a,
0x89, 0x6a, 0x69, 0x38, 0x56, 0x01, 0x88, 0x9a, 0x88, 0x03, 0x9a, 0x1a, 0x2a, 0x79, 0x1a, 0x12,
0x5f, 0x61, 0x01, 0x71, 0xc0, 0x00, 0x00, 0x54, 0x10, 0x00, 0x00, 0x14, 0x28, 0x79, 0x1a, 0x12,
0x1f, 0x61, 0x01, 0x71, 0xa1, 0x01, 0x00, 0x54, 0x88, 0x03, 0x80, 0x52, 0x69, 0x1a, 0x80, 0xb9,
0xe9, 0x03, 0xf8, 0x36, 0x2a, 0x21, 0x00, 0x11, 0x3f, 0x21, 0x00, 0x31, 0x6a, 0x1a, 0x00, 0xb9,
0x6c, 0x03, 0x00, 0x54, 0x6a, 0x06, 0x40, 0xf9, 0x49, 0x01, 0x09, 0x8b, 0x1b, 0x00, 0x00, 0x14,
0x2a, 0x00, 0x80, 0x52, 0x02, 0x00, 0x00, 0x14, 0xea, 0x03, 0x1f, 0x2a, 0x3f, 0x8d, 0x01, 0x71,
0x20, 0x05, 0x00, 0x54, 0x3f, 0x91, 0x01, 0x71, 0x01, 0x06, 0x00, 0x54, 0x68, 0x1a, 0x80, 0xb9,
0x8a, 0x08, 0x00, 0x34, 0x68, 0x09, 0xf8, 0x36, 0x09, 0x21, 0x00, 0x11, 0x1f, 0x21, 0x00, 0x31,
0x69, 0x1a, 0x00, 0xb9, 0xec, 0x08, 0x00, 0x54, 0x69, 0x06, 0x40, 0xf9, 0x28, 0x01, 0x08, 0x8b,
0x47, 0x00, 0x00, 0x14, 0x68, 0x02, 0x40, 0xf9, 0x09, 0x21, 0x00, 0x91, 0x69, 0x02, 0x00, 0xf9,
0x09, 0x01, 0x40, 0xf9, 0x88, 0x07, 0x80, 0x52, 0x05, 0x00, 0x00, 0x14, 0x69, 0x02, 0x40, 0xf9,
0x2a, 0x21, 0x00, 0x91, 0x6a, 0x02, 0x00, 0xf9, 0x29, 0x01, 0x40, 0xb9, 0xca, 0x02, 0x40, 0x39,
0xf4, 0x23, 0x00, 0x91, 0x4a, 0x01, 0x1b, 0x12, 0x0c, 0x00, 0x80, 0xd2, 0x0c, 0x00, 0xa0, 0xf2,
0x2b, 0x25, 0xc8, 0x9a, 0x0c, 0x00, 0xc0, 0xf2, 0x6b, 0x0d, 0x40, 0x92, 0x0c, 0x00, 0xe0, 0xf2,
0x8b, 0x69, 0x6b, 0x38, 0x1f, 0x0d, 0x00, 0x71, 0x08, 0x11, 0x00, 0x51, 0x6b, 0x01, 0x0a, 0x2a,
0x8b, 0x16, 0x00, 0x38, 0xac, 0xfe, 0xff, 0x54, 0xbf, 0x02, 0x14, 0xeb, 0x63, 0x02, 0x00, 0x54,
0x1d, 0x00, 0x00, 0x14, 0x68, 0x1a, 0x80, 0xb9, 0x48, 0x01, 0xf8, 0x36, 0x09, 0x21, 0x00, 0x11,
0x1f, 0x21, 0x00, 0x31, 0x69, 0x1a, 0x00, 0xb9, 0xcc, 0x00, 0x00, 0x54, 0x69, 0x06, 0x40, 0xf9,
0x28, 0x01, 0x08, 0x8b, 0x06, 0x00, 0x00, 0x14, 0xe9, 0x23, 0x00, 0x39, 0x06, 0x00, 0x00, 0x14,
0x68, 0x02, 0x40, 0xf9, 0x09, 0x21, 0x00, 0x91, 0x69, 0x02, 0x00, 0xf9, 0x08, 0x01, 0x40, 0xb9,
0xe8, 0x23, 0x00, 0x39, 0xf4, 0x03, 0x1b, 0xaa, 0xf9, 0x23, 0x00, 0x91, 0x28, 0x03, 0x40, 0x39,
0x60, 0x00, 0x00, 0xb4, 0x08, 0x14, 0x00, 0x38, 0x04, 0x00, 0x00, 0x14, 0xe0, 0x03, 0x08, 0x2a,
0x00, 0x00, 0x00, 0x94, 0xe0, 0x03, 0x1f, 0xaa, 0x39, 0x07, 0x00, 0x91, 0x3f, 0x03, 0x14, 0xeb,
0xe3, 0xfe, 0xff, 0x54, 0xf4, 0x03, 0x16, 0xaa, 0x94, 0x06, 0x00, 0x91, 0x5f, 0xff, 0xff, 0x17,
0xe8, 0x01, 0xf8, 0x36, 0x09, 0x21, 0x00, 0x11, 0x1f, 0x21, 0x00, 0x31, 0x69, 0x1a, 0x00, 0xb9,
0x6c, 0x01, 0x00, 0x54, 0x69, 0x06, 0x40, 0xf9, 0x28, 0x01, 0x08, 0x8b, 0x0b, 0x00, 0x00, 0x14,
0x68, 0x02, 0x40, 0xf9, 0x09, 0x21, 0x00, 0x91, 0x69, 0x02, 0x00, 0xf9, 0x09, 0x01, 0x40, 0xf9,
0x09, 0x01, 0xf8, 0xb7, 0xe8, 0x23, 0x00, 0x91, 0x0a, 0x00, 0x00, 0x14, 0x68, 0x02, 0x40, 0xf9,
0x09, 0x21, 0x00, 0x91, 0x69, 0x02, 0x00, 0xf9, 0x09, 0x01, 0x80, 0xb9, 0x49, 0xff, 0xff, 0xb6,
0xa8, 0x05, 0x80, 0x52, 0xe8, 0x23, 0x00, 0x39, 0xe9, 0x03, 0x09, 0xcb, 0xe8, 0x03, 0x1b, 0xaa,
0xeb, 0x03, 0x1f, 0xaa, 0x2c, 0x7d, 0x57, 0x9b, 0x8e, 0xfd, 0x42, 0x93, 0xce, 0xfd, 0x4c, 0x8b,
0x2d, 0x25, 0x00, 0x91, 0xc9, 0xa5, 0x18, 0x1b, 0x6a, 0x05, 0x00, 0x91, 0x2c, 0xc1, 0x00, 0x11,
0xbf, 0x49, 0x00, 0xf1, 0x0c, 0x69, 0x2b, 0x38, 0xeb, 0x03, 0x0a, 0xaa, 0xe9, 0x03, 0x0e, 0xaa,
0xa8, 0xfe, 0xff, 0x54, 0x49, 0x05, 0x00, 0xf1, 0x14, 0x01, 0x0a, 0x8b, 0xe0, 0xf6, 0xff, 0x54,
0x0b, 0x01, 0x40, 0x39, 0x3f, 0x0d, 0x00, 0xf1, 0x8b, 0xf2, 0x1f, 0x38, 0x0c, 0x01, 0x00, 0x39,
0x43, 0xf6, 0xff, 0x54, 0x09, 0x01, 0x0a, 0x8b, 0x29, 0x09, 0x00, 0xd1, 0x08, 0x09, 0x00, 0x91,
0x0a, 0xf1, 0x5f, 0x38, 0x2b, 0x01, 0x40, 0x39, 0x2a, 0xf5, 0x1f, 0x38, 0x0a, 0x05, 0x00, 0x91,
0x3f, 0x01, 0x08, 0xeb, 0x0b, 0xf1, 0x1f, 0x38, 0xe8, 0x03, 0x0a, 0xaa, 0x28, 0xff, 0xff, 0x54,
0xa6, 0xff, 0xff, 0x17, 0x40, 0x00, 0x00, 0xb4, 0x1f, 0x00, 0x00, 0x39, 0xf4, 0x4f, 0x48, 0xa9,
0xf6, 0x57, 0x47, 0xa9, 0xf8, 0x5f, 0x46, 0xa9, 0xfa, 0x67, 0x45, 0xa9, 0xfc, 0x6f, 0x44, 0xa9,
0xfd, 0x7b, 0x43, 0xa9, 0xff, 0x43, 0x02, 0x91, 0xc0, 0x03, 0x5f, 0xd6, 0xff, 0x03, 0x04, 0xd1,
0xfd, 0x7b, 0x0f, 0xa9, 0xfd, 0xc3, 0x03, 0x91, 0xe8, 0x05, 0x80, 0x92, 0xe9, 0x03, 0x00, 0x91,
0xaa, 0xc3, 0x01, 0xd1, 0x08, 0xf0, 0xdf, 0xf2, 0xab, 0x43, 0x00, 0x91, 0x29, 0x01, 0x02, 0x91,
0x4a, 0xc1, 0x00, 0x91, 0xa9, 0x23, 0x3f, 0xa9, 0xab, 0x2b, 0x3e, 0xa9, 0xa2, 0x0f, 0x39, 0xa9,
0xe0, 0x07, 0x00, 0xad, 0xa0, 0x07, 0x7f, 0xad, 0xa2, 0x03, 0x01, 0xd1, 0xa4, 0x17, 0x3a, 0xa9,
0xa6, 0x1f, 0x3b, 0xa9, 0xe2, 0x0f, 0x01, 0xad, 0xe4, 0x17, 0x02, 0xad, 0xe6, 0x1f, 0x03, 0xad,
0xa0, 0x07, 0x3e, 0xad, 0x00, 0x00, 0x00, 0x94, 0xfd, 0x7b, 0x4f, 0xa9, 0xff, 0x03, 0x04, 0x91,
0xc0, 0x03, 0x5f, 0xd6, 0xff, 0x83, 0x04, 0xd1, 0xfd, 0x7b, 0x10, 0xa9, 0xfd, 0x03, 0x04, 0x91,
0xe9, 0x06, 0x80, 0x92, 0xea, 0x03, 0x00, 0x91, 0xab, 0xe3, 0x01, 0xd1, 0x09, 0xf0, 0xdf, 0xf2,
0xac, 0x83, 0x00, 0x91, 0x4a, 0x01, 0x02, 0x91, 0x6b, 0xe1, 0x00, 0x91, 0xaa, 0x27, 0x3f, 0xa9,
0xac, 0x2f, 0x3e, 0xa9, 0xa1, 0x8b, 0x38, 0xa9, 0xa3, 0x93, 0x39, 0xa9, 0xe0, 0x07, 0x00, 0xad,
0xa0, 0x07, 0x7f, 0xad, 0xe8, 0x03, 0x00, 0xaa, 0xa2, 0x03, 0x01, 0xd1, 0xe0, 0x03, 0x1f, 0xaa,
0xe1, 0x03, 0x08, 0xaa, 0xfc, 0x8b, 0x00, 0xf9, 0xa5, 0x9b, 0x3a, 0xa9, 0xa7, 0x83, 0x1b, 0xf8,
0xe2, 0x0f, 0x01, 0xad, 0xe4, 0x17, 0x02, 0xad, 0xe6, 0x1f, 0x03, 0xad, 0xa0, 0x07, 0x3e, 0xad,
0x00, 0x00, 0x00, 0x94, 0xfc, 0x8b, 0x40, 0xf9, 0xfd, 0x7b, 0x50, 0xa9, 0xff, 0x83, 0x04, 0x91,
0xc0, 0x03, 0x5f, 0xd6, 0x41, 0x01, 0x00, 0xb4, 0xe8, 0x03, 0x00, 0xaa, 0xe0, 0x03, 0x1f, 0xaa,
0x09, 0x69, 0x60, 0x38, 0xa9, 0x00, 0x00, 0x34, 0x00, 0x04, 0x00, 0x91, 0x3f, 0x00, 0x00, 0xeb,
0x81, 0xff, 0xff, 0x54, 0xe0, 0x03, 0x01, 0xaa, 0xc0, 0x03, 0x5f, 0xd6, 0xe0, 0x03, 0x1f, 0xaa,
0xc0, 0x03, 0x5f, 0xd6, 0x22, 0x03, 0x00, 0xb4, 0x0a, 0x00, 0x80, 0xd2, 0x0a, 0x00, 0xa0, 0xf2,
0x0a, 0x00, 0xc0, 0xf2, 0x0a, 0x00, 0xe0, 0xf2, 0x41, 0x01, 0xc0, 0x3d, 0x48, 0x04, 0x00, 0x91,
0x49, 0x04, 0x00, 0xd1, 0x4a, 0x00, 0x80, 0x52, 0x08, 0xf9, 0x7f, 0x92, 0x20, 0x0d, 0x08, 0x4e,
0x09, 0x04, 0x00, 0x91, 0x42, 0x0d, 0x08, 0x4e, 0x03, 0x3c, 0xe1, 0x6e, 0x63, 0x28, 0xa1, 0x0e,
0x6a, 0x00, 0x26, 0x1e, 0x4a, 0x00, 0x00, 0x36, 0x21, 0xf1, 0x1f, 0x38, 0x6a, 0x3c, 0x0c, 0x0e,
0x4a, 0x00, 0x00, 0x36, 0x21, 0x01, 0x00, 0x39, 0x21, 0x84, 0xe2, 0x4e, 0x08, 0x09, 0x00, 0xf1,
0x29, 0x09, 0x00, 0x91, 0xa1, 0xfe, 0xff, 0x54, 0xc0, 0x03, 0x5f, 0xd6, 0xc2, 0x00, 0x00, 0xb4,
0xe8, 0x03, 0x00, 0xaa, 0x29, 0x14, 0x40, 0x38, 0x42, 0x04, 0x00, 0xf1, 0x09, 0x15, 0x00, 0x38,
0xa1, 0xff, 0xff, 0x54, 0xc0, 0x03, 0x5f, 0xd6, 0x22, 0x01, 0x00, 0xb4, 0x08, 0x00, 0x40, 0x39,
0x29, 0x00, 0x40, 0x39, 0x28, 0x01, 0x08, 0x6b, 0xc1, 0x00, 0x00, 0x54, 0x00, 0x04, 0x00, 0x91,
0x42, 0x04, 0x00, 0xf1, 0x21, 0x04, 0x00, 0x91, 0x21, 0xff, 0xff, 0x54, 0xe8, 0x03, 0x1f, 0x2a,
0xe0, 0x03, 0x08, 0x2a, 0xc0, 0x03, 0x5f, 0xd6, 0x00, 0x00, 0x00, 0x00, 0x00, 0x00, 0x00, 0x00,
0x93, 0x41, 0x00, 0x10, 0x7f, 0x02, 0x00, 0x91, 0x00, 0x00, 0x00, 0x94, 0x04, 0x00, 0x00, 0x58,
0x00, 0x00, 0x00, 0x58, 0xe1, 0x03, 0x1f, 0xaa, 0xe2, 0x03, 0x1f, 0xaa, 0xe3, 0x03, 0x1f, 0xaa,
0x80, 0x00, 0x1f, 0xd6, 0x1f, 0x20, 0x03, 0xd5, 0x1f, 0x20, 0x03, 0xd5, 0x1f, 0x20, 0x03, 0xd5,
0x00, 0x00, 0x00, 0x00, 0x00, 0x00, 0x00, 0x00, 0x00, 0x00, 0x00, 0x00, 0x00, 0x00, 0x00, 0x00,
0x00, 0x00, 0x00, 0x00, 0x00, 0x00, 0x00, 0x00, 0x00, 0x00, 0x00, 0x00, 0x00, 0x00, 0x00, 0x00,
0x00, 0x00, 0x00, 0x00, 0x00, 0x00, 0x00, 0x00, 0x00, 0x00, 0x00, 0x00, 0x00, 0x00, 0x00, 0x00,
0x00, 0x00, 0x00, 0x00, 0x00, 0x00, 0x00, 0x00, 0x00, 0x00, 0x00, 0x00, 0x00, 0x00, 0x00, 0x00,
0x00, 0x00, 0x00, 0x00, 0x00, 0x00, 0x00, 0x00, 0x00, 0x00, 0x00, 0x00, 0x00, 0x00, 0x00, 0x00,
0x00, 0x00, 0x00, 0x00, 0x00, 0x00, 0x00, 0x00, 0x00, 0x00, 0x00, 0x00, 0x00, 0x00, 0x00, 0x00,
0x00, 0x00, 0x00, 0x00, 0x00, 0x00, 0x00, 0x00, 0x00, 0x00, 0x00, 0x00, 0x00, 0x00, 0x00, 0x00,
0x00, 0x00, 0x00, 0x00, 0x00, 0x00, 0x00, 0x00, 0x00, 0x00, 0x00, 0x00, 0x00, 0x00, 0x00, 0x00,
0x00, 0x00, 0x00, 0x00, 0x00, 0x00, 0x00, 0x00, 0x00, 0x00, 0x00, 0x00, 0x00, 0x00, 0x00, 0x00,
0x00, 0x00, 0x00, 0x00, 0x00, 0x00, 0x00, 0x00, 0x00, 0x00, 0x00, 0x00, 0x00, 0x00, 0x00, 0x00,
0x00, 0x00, 0x00, 0x00, 0x00, 0x00, 0x00, 0x00, 0x00, 0x00, 0x00, 0x00, 0x00, 0x00, 0x00, 0x00,
0x00, 0x00, 0x00, 0x00, 0x00, 0x00, 0x00, 0x00, 0x00, 0x00, 0x00, 0x00, 0x00, 0x00, 0x00, 0x00,
0x00, 0x00, 0x00, 0x00, 0x00, 0x00, 0x00, 0x00, 0x00, 0x00, 0x00, 0x00, 0x00, 0x00, 0x00, 0x00,
0x00, 0x00, 0x00, 0x00, 0x00, 0x00, 0x00, 0x00, 0x00, 0x00, 0x00, 0x00, 0x00, 0x00, 0x00, 0x00,
0x00, 0x00, 0x00, 0x00, 0x00, 0x00, 0x00, 0x00, 0x00, 0x00, 0x00, 0x00, 0x00, 0x00, 0x00, 0x00,
0x00, 0x00, 0x00, 0x00, 0x00, 0x00, 0x00, 0x00, 0x00, 0x00, 0x00, 0x00, 0x00, 0x00, 0x00, 0x00,
0x00, 0x00, 0x00, 0x00, 0x00, 0x00, 0x00, 0x00, 0x00, 0x00, 0x00, 0x00, 0x00, 0x00, 0x00, 0x00,
0x00, 0x00, 0x00, 0x00, 0x00, 0x00, 0x00, 0x00, 0x00, 0x00, 0x00, 0x00, 0x00, 0x00, 0x00, 0x00,
0x00, 0x00, 0x00, 0x00, 0x00, 0x00, 0x00, 0x00, 0x00, 0x00, 0x00, 0x00, 0x00, 0x00, 0x00, 0x00,
0x00, 0x00, 0x00, 0x00, 0x00, 0x00, 0x00, 0x00, 0x00, 0x00, 0x00, 0x00, 0x00, 0x00, 0x00, 0x00,
0x00, 0x00, 0x00, 0x00, 0x00, 0x00, 0x00, 0x00, 0x00, 0x00, 0x00, 0x00, 0x00, 0x00, 0x00, 0x00,
0x00, 0x00, 0x00, 0x00, 0x00, 0x00, 0x00, 0x00, 0x00, 0x00, 0x00, 0x00, 0x00, 0x00, 0x00, 0x00,
0x00, 0x00, 0x00, 0x00, 0x00, 0x00, 0x00, 0x00, 0x00, 0x00, 0x00, 0x00, 0x00, 0x00, 0x00, 0x00,
0x00, 0x00, 0x00, 0x00, 0x00, 0x00, 0x00, 0x00, 0x00, 0x00, 0x00, 0x00, 0x00, 0x00, 0x00, 0x00,
0x00, 0x00, 0x00, 0x00, 0x00, 0x00, 0x00, 0x00, 0x00, 0x00, 0x00, 0x00, 0x00, 0x00, 0x00, 0x00,
0x00, 0x00, 0x00, 0x00, 0x00, 0x00, 0x00, 0x00, 0x00, 0x00, 0x00, 0x00, 0x00, 0x00, 0x00, 0x00,
0x00, 0x00, 0x00, 0x00, 0x00, 0x00, 0x00, 0x00, 0x00, 0x00, 0x00, 0x00, 0x00, 0x00, 0x00, 0x00,
0x00, 0x00, 0x00, 0x00, 0x00, 0x00, 0x00, 0x00, 0x00, 0x00, 0x00, 0x00, 0x00, 0x00, 0x00, 0x00,
0x00, 0x00, 0x00, 0x00, 0x00, 0x00, 0x00, 0x00, 0x00, 0x00, 0x00, 0x00, 0x00, 0x00, 0x00, 0x00,
0x00, 0x00, 0x00, 0x00, 0x00, 0x00, 0x00, 0x00, 0x00, 0x00, 0x00, 0x00, 0x00, 0x00, 0x00, 0x00,
0x00, 0x00, 0x00, 0x00, 0x00, 0x00, 0x00, 0x00, 0x00, 0x00, 0x00, 0x00, 0x00, 0x00, 0x00, 0x00,
0x00, 0x00, 0x00, 0x00, 0x00, 0x00, 0x00, 0x00, 0x00, 0x00, 0x00, 0x00, 0x00, 0x00, 0x00, 0x00,
0x00, 0x00, 0x00, 0x00, 0x00, 0x00, 0x00, 0x00, 0x00, 0x00, 0x00, 0x00, 0x00, 0x00, 0x00, 0x00,
0x00, 0x00, 0x00, 0x00, 0x00, 0x00, 0x00, 0x00, 0x00, 0x00, 0x00, 0x00, 0x00, 0x00, 0x00, 0x00,
0x00, 0x00, 0x00, 0x00, 0x00, 0x00, 0x00, 0x00, 0x00, 0x00, 0x00, 0x00, 0x00, 0x00, 0x00, 0x00,
0x00, 0x00, 0x00, 0x00, 0x00, 0x00, 0x00, 0x00, 0x00, 0x00, 0x00, 0x00, 0x00, 0x00, 0x00, 0x00,
0x00, 0x00, 0x00, 0x00, 0x00, 0x00, 0x00, 0x00, 0x00, 0x00, 0x00, 0x00, 0x00, 0x00, 0x00, 0x00,
0x00, 0x00, 0x00, 0x00, 0x00, 0x00, 0x00, 0x00, 0x00, 0x00, 0x00, 0x00, 0x00, 0x00, 0x00, 0x00,
0x00, 0x00, 0x00, 0x00, 0x00, 0x00, 0x00, 0x00, 0x00, 0x00, 0x00, 0x00, 0x00, 0x00, 0x00, 0x00,
0x00, 0x00, 0x00, 0x00, 0x00, 0x00, 0x00, 0x00, 0x00, 0x00, 0x00, 0x00, 0x00, 0x00, 0x00, 0x00,
0x00, 0x00, 0x00, 0x00, 0x00, 0x00, 0x00, 0x00, 0x00, 0x00, 0x00, 0x00, 0x00, 0x00, 0x00, 0x00,
0x00, 0x00, 0x00, 0x00, 0x00, 0x00, 0x00, 0x00, 0x00, 0x00, 0x00, 0x00, 0x00, 0x00, 0x00, 0x00,
0x00, 0x00, 0x00, 0x00, 0x00, 0x00, 0x00, 0x00, 0x00, 0x00, 0x00, 0x00, 0x00, 0x00, 0x00, 0x00,
0x00, 0x00, 0x00, 0x00, 0x00, 0x00, 0x00, 0x00, 0x00, 0x00, 0x00, 0x00, 0x00, 0x00, 0x00, 0x00,
0x00, 0x00, 0x00, 0x00, 0x00, 0x00, 0x00, 0x00, 0x00, 0x00, 0x00, 0x00, 0x00, 0x00, 0x00, 0x00,
0x00, 0x00, 0x00, 0x00, 0x00, 0x00, 0x00, 0x00, 0x00, 0x00, 0x00, 0x00, 0x00, 0x00, 0x00, 0x00,
0x00, 0x00, 0x00, 0x00, 0x00, 0x00, 0x00, 0x00, 0x00, 0x00, 0x00, 0x00, 0x00, 0x00, 0x00, 0x00,
0x00, 0x00, 0x00, 0x00, 0x00, 0x00, 0x00, 0x00, 0x00, 0x00, 0x00, 0x00, 0x00, 0x00, 0x00, 0x00,
0x00, 0x00, 0x00, 0x00, 0x00, 0x00, 0x00, 0x00, 0x00, 0x00, 0x00, 0x00, 0x00, 0x00, 0x00, 0x00,
0x00, 0x00, 0x00, 0x00, 0x00, 0x00, 0x00, 0x00, 0x00, 0x00, 0x00, 0x00, 0x00, 0x00, 0x00, 0x00,
0x00, 0x00, 0x00, 0x00, 0x00, 0x00, 0x00, 0x00, 0x00, 0x00, 0x00, 0x00, 0x00, 0x00, 0x00, 0x00,
0x00, 0x00, 0x00, 0x00, 0x00, 0x00, 0x00, 0x00, 0x00, 0x00, 0x00, 0x00, 0x00, 0x00, 0x00, 0x00,
0x00, 0x00, 0x00, 0x00, 0x00, 0x00, 0x00, 0x00, 0x00, 0x00, 0x00, 0x00, 0x00, 0x00, 0x00, 0x00,
0x00, 0x00, 0x00, 0x00, 0x00, 0x00, 0x00, 0x00, 0x00, 0x00, 0x00, 0x00, 0x00, 0x00, 0x00, 0x00,
0x00, 0x00, 0x00, 0x00, 0x00, 0x00, 0x00, 0x00, 0x00, 0x00, 0x00, 0x00, 0x00, 0x00, 0x00, 0x00,
0x00, 0x00, 0x00, 0x00, 0x00, 0x00, 0x00, 0x00, 0x00, 0x00, 0x00, 0x00, 0x00, 0x00, 0x00, 0x00,
0x00, 0x00, 0x00, 0x00, 0x00, 0x00, 0x00, 0x00, 0x00, 0x00, 0x00, 0x00, 0x00, 0x00, 0x00, 0x00,
0x00, 0x00, 0x00, 0x00, 0x00, 0x00, 0x00, 0x00, 0x00, 0x00, 0x00, 0x00, 0x00, 0x00, 0x00, 0x00,
0x00, 0x00, 0x00, 0x00, 0x00, 0x00, 0x00, 0x00, 0x00, 0x00, 0x00, 0x00, 0x00, 0x00, 0x00, 0x00,
0x00, 0x00, 0x00, 0x00, 0x00, 0x00, 0x00, 0x00, 0x00, 0x00, 0x00, 0x00, 0x00, 0x00, 0x00, 0x00,
0x00, 0x00, 0x00, 0x00, 0x00, 0x00, 0x00, 0x00, 0x00, 0x00, 0x00, 0x00, 0x00, 0x00, 0x00, 0x00,
0x00, 0x00, 0x00, 0x00, 0x00, 0x00, 0x00, 0x00, 0x00, 0x00, 0x00, 0x00, 0x00, 0x00, 0x00, 0x00,
0x00, 0x00, 0x00, 0x00, 0x00, 0x00, 0x00, 0x00, 0x00, 0x00, 0x00, 0x00, 0x00, 0x00, 0x00, 0x00,
0x00, 0x00, 0x00, 0x00, 0x00, 0x00, 0x00, 0x00, 0x00, 0x00, 0x00, 0x00, 0x00, 0x00, 0x00, 0x00,
0x00, 0x00, 0x00, 0x00, 0x00, 0x00, 0x00, 0x00, 0x00, 0x00, 0x00, 0x00, 0x00, 0x00, 0x00, 0x00,
0x00, 0x00, 0x00, 0x00, 0x00, 0x00, 0x00, 0x00, 0x00, 0x00, 0x00, 0x00, 0x00, 0x00, 0x00, 0x00,
0x00, 0x00, 0x00, 0x00, 0x00, 0x00, 0x00, 0x00, 0x00, 0x00, 0x00, 0x00, 0x00, 0x00, 0x00, 0x00,
0x00, 0x00, 0x00, 0x00, 0x00, 0x00, 0x00, 0x00, 0x00, 0x00, 0x00, 0x00, 0x00, 0x00, 0x00, 0x00,
0x00, 0x00, 0x00, 0x00, 0x00, 0x00, 0x00, 0x00, 0x00, 0x00, 0x00, 0x00, 0x00, 0x00, 0x00, 0x00,
0x00, 0x00, 0x00, 0x00, 0x00, 0x00, 0x00, 0x00, 0x00, 0x00, 0x00, 0x00, 0x00, 0x00, 0x00, 0x00,
0x00, 0x00, 0x00, 0x00, 0x00, 0x00, 0x00, 0x00, 0x00, 0x00, 0x00, 0x00, 0x00, 0x00, 0x00, 0x00,
0x00, 0x00, 0x00, 0x00, 0x00, 0x00, 0x00, 0x00, 0x00, 0x00, 0x00, 0x00, 0x00, 0x00, 0x00, 0x00,
0x00, 0x00, 0x00, 0x00, 0x00, 0x00, 0x00, 0x00, 0x00, 0x00, 0x00, 0x00, 0x00, 0x00, 0x00, 0x00,
0x00, 0x00, 0x00, 0x00, 0x00, 0x00, 0x00, 0x00, 0x00, 0x00, 0x00, 0x00, 0x00, 0x00, 0x00, 0x00,
0x00, 0x00, 0x00, 0x00, 0x00, 0x00, 0x00, 0x00, 0x00, 0x00, 0x00, 0x00, 0x00, 0x00, 0x00, 0x00,
0x00, 0x00, 0x00, 0x00, 0x00, 0x00, 0x00, 0x00, 0x00, 0x00, 0x00, 0x00, 0x00, 0x00, 0x00, 0x00,
0x00, 0x00, 0x00, 0x00, 0x00, 0x00, 0x00, 0x00, 0x00, 0x00, 0x00, 0x00, 0x00, 0x00, 0x00, 0x00,
0x00, 0x00, 0x00, 0x00, 0x00, 0x00, 0x00, 0x00, 0x00, 0x00, 0x00, 0x00, 0x00, 0x00, 0x00, 0x00,
0x00, 0x00, 0x00, 0x00, 0x00, 0x00, 0x00, 0x00, 0x00, 0x00, 0x00, 0x00, 0x00, 0x00, 0x00, 0x00,
0x00, 0x00, 0x00, 0x00, 0x00, 0x00, 0x00, 0x00, 0x00, 0x00, 0x00, 0x00, 0x00, 0x00, 0x00, 0x00,
0x00, 0x00, 0x00, 0x00, 0x00, 0x00, 0x00, 0x00, 0x00, 0x00, 0x00, 0x00, 0x00, 0x00, 0x00, 0x00,
0x00, 0x00, 0x00, 0x00, 0x00, 0x00, 0x00, 0x00, 0x00, 0x00, 0x00, 0x00, 0x00, 0x00, 0x00, 0x00,
0x00, 0x00, 0x00, 0x00, 0x00, 0x00, 0x00, 0x00, 0x00, 0x00, 0x00, 0x00, 0x00, 0x00, 0x00, 0x00,
0x00, 0x00, 0x00, 0x00, 0x00, 0x00, 0x00, 0x00, 0x00, 0x00, 0x00, 0x00, 0x00, 0x00, 0x00, 0x00,
0x00, 0x00, 0x00, 0x00, 0x00, 0x00, 0x00, 0x00, 0x00, 0x00, 0x00, 0x00, 0x00, 0x00, 0x00, 0x00,
0x00, 0x00, 0x00, 0x00, 0x00, 0x00, 0x00, 0x00, 0x00, 0x00, 0x00, 0x00, 0x00, 0x00, 0x00, 0x00,
0x00, 0x00, 0x00, 0x00, 0x00, 0x00, 0x00, 0x00, 0x00, 0x00, 0x00, 0x00, 0x00, 0x00, 0x00, 0x00,
0x00, 0x00, 0x00, 0x00, 0x00, 0x00, 0x00, 0x00, 0x00, 0x00, 0x00, 0x00, 0x00, 0x00, 0x00, 0x00,
0x00, 0x00, 0x00, 0x00, 0x00, 0x00, 0x00, 0x00, 0x00, 0x00, 0x00, 0x00, 0x00, 0x00, 0x00, 0x00,
0x00, 0x00, 0x00, 0x00, 0x00, 0x00, 0x00, 0x00, 0x00, 0x00, 0x00, 0x00, 0x00, 0x00, 0x00, 0x00,
0x00, 0x00, 0x00, 0x00, 0x00, 0x00, 0x00, 0x00, 0x00, 0x00, 0x00, 0x00, 0x00, 0x00, 0x00, 0x00,
0x00, 0x00, 0x00, 0x00, 0x00, 0x00, 0x00, 0x00, 0x00, 0x00, 0x00, 0x00, 0x00, 0x00, 0x00, 0x00,
0x00, 0x00, 0x00, 0x00, 0x00, 0x00, 0x00, 0x00, 0x00, 0x00, 0x00, 0x00, 0x00, 0x00, 0x00, 0x00,
0x00, 0x00, 0x00, 0x00, 0x00, 0x00, 0x00, 0x00, 0x00, 0x00, 0x00, 0x00, 0x00, 0x00, 0x00, 0x00,
0x00, 0x00, 0x00, 0x00, 0x00, 0x00, 0x00, 0x00, 0x00, 0x00, 0x00, 0x00, 0x00, 0x00, 0x00, 0x00,
0x00, 0x00, 0x00, 0x00, 0x00, 0x00, 0x00, 0x00, 0x00, 0x00, 0x00, 0x00, 0x00, 0x00, 0x00, 0x00,
0x00, 0x00, 0x00, 0x00, 0x00, 0x00, 0x00, 0x00, 0x00, 0x00, 0x00, 0x00, 0x00, 0x00, 0x00, 0x00,
0x00, 0x00, 0x00, 0x00, 0x00, 0x00, 0x00, 0x00, 0x00, 0x00, 0x00, 0x00, 0x00, 0x00, 0x00, 0x00,
0x00, 0x00, 0x00, 0x00, 0x00, 0x00, 0x00, 0x00, 0x00, 0x00, 0x00, 0x00, 0x00, 0x00, 0x00, 0x00,
0x00, 0x00, 0x00, 0x00, 0x00, 0x00, 0x00, 0x00, 0x00, 0x00, 0x00, 0x00, 0x00, 0x00, 0x00, 0x00,
0x00, 0x00, 0x00, 0x00, 0x00, 0x00, 0x00, 0x00, 0x00, 0x00, 0x00, 0x00, 0x00, 0x00, 0x00, 0x00,
0x00, 0x00, 0x00, 0x00, 0x00, 0x00, 0x00, 0x00, 0x00, 0x00, 0x00, 0x00, 0x00, 0x00, 0x00, 0x00,
0x00, 0x00, 0x00, 0x00, 0x00, 0x00, 0x00, 0x00, 0x00, 0x00, 0x00, 0x00, 0x00, 0x00, 0x00, 0x00,
0x00, 0x00, 0x00, 0x00, 0x00, 0x00, 0x00, 0x00, 0x00, 0x00, 0x00, 0x00, 0x00, 0x00, 0x00, 0x00,
0x00, 0x00, 0x00, 0x00, 0x00, 0x00, 0x00, 0x00, 0x00, 0x00, 0x00, 0x00, 0x00, 0x00, 0x00, 0x00,
0x00, 0x00, 0x00, 0x00, 0x00, 0x00, 0x00, 0x00, 0x00, 0x00, 0x00, 0x00, 0x00, 0x00, 0x00, 0x00,
0x00, 0x00, 0x00, 0x00, 0x00, 0x00, 0x00, 0x00, 0x00, 0x00, 0x00, 0x00, 0x00, 0x00, 0x00, 0x00,
0x00, 0x00, 0x00, 0x00, 0x00, 0x00, 0x00, 0x00, 0x00, 0x00, 0x00, 0x00, 0x00, 0x00, 0x00, 0x00,
0x00, 0x00, 0x00, 0x00, 0x00, 0x00, 0x00, 0x00, 0x00, 0x00, 0x00, 0x00, 0x00, 0x00, 0x00, 0x00,
0x00, 0x00, 0x00, 0x00, 0x00, 0x00, 0x00, 0x00, 0x00, 0x00, 0x00, 0x00, 0x00, 0x00, 0x00, 0x00,
0x00, 0x00, 0x00, 0x00, 0x00, 0x00, 0x00, 0x00, 0x00, 0x00, 0x00, 0x00, 0x00, 0x00, 0x00, 0x00,
0x00, 0x00, 0x00, 0x00, 0x00, 0x00, 0x00, 0x00, 0x00, 0x00, 0x00, 0x00, 0x00, 0x00, 0x00, 0x00,
0x00, 0x00, 0x00, 0x00, 0x00, 0x00, 0x00, 0x00, 0x00, 0x00, 0x00, 0x00, 0x00, 0x00, 0x00, 0x00,
0x00, 0x00, 0x00, 0x00, 0x00, 0x00, 0x00, 0x00, 0x00, 0x00, 0x00, 0x00, 0x00, 0x00, 0x00, 0x00,
0x00, 0x00, 0x00, 0x00, 0x00, 0x00, 0x00, 0x00, 0x00, 0x00, 0x00, 0x00, 0x00, 0x00, 0x00, 0x00,
0x00, 0x00, 0x00, 0x00, 0x00, 0x00, 0x00, 0x00, 0x00, 0x00, 0x00, 0x00, 0x00, 0x00, 0x00, 0x00,
0x00, 0x00, 0x00, 0x00, 0x00, 0x00, 0x00, 0x00, 0x00, 0x00, 0x00, 0x00, 0x00, 0x00, 0x00, 0x00,
0x00, 0x00, 0x00, 0x00, 0x00, 0x00, 0x00, 0x00, 0x00, 0x00, 0x00, 0x00, 0x00, 0x00, 0x00, 0x00,
0x00, 0x00, 0x00, 0x00, 0x00, 0x00, 0x00, 0x00, 0x00, 0x00, 0x00, 0x00, 0x00, 0x00, 0x00, 0x00,
0x00, 0x00, 0x00, 0x00, 0x00, 0x00, 0x00, 0x00, 0x00, 0x00, 0x00, 0x00, 0x00, 0x00, 0x00, 0x00,
0x00, 0x00, 0x00, 0x00, 0x00, 0x00, 0x00, 0x00, 0x00, 0x00, 0x00, 0x00, 0x00, 0x00, 0x00, 0x00,
0x00, 0x00, 0x00, 0x00, 0x00, 0x00, 0x00, 0x00, 0x00, 0x00, 0x00, 0x00, 0x00, 0x00, 0x00, 0x00,
0x00, 0x00, 0x00, 0x00, 0x00, 0x00, 0x00, 0x00, 0x00, 0x00, 0x00, 0x00, 0x00, 0x00, 0x00, 0x00,
0x00, 0x00, 0x00, 0x00, 0x00, 0x00, 0x00, 0x00, 0x00, 0x00, 0x00, 0x00, 0x00, 0x00, 0x00, 0x00,
0x00, 0x00, 0x00, 0x00, 0x00, 0x00, 0x00, 0x00, 0x00, 0x00, 0x00, 0x00, 0x00, 0x00, 0x00, 0x00,
0x00, 0x00, 0x00, 0x00, 0x00, 0x00, 0x00, 0x00, 0x00, 0x00, 0x00, 0x00, 0x00, 0x00, 0x00, 0x00,
0x00, 0x00, 0x00, 0x00, 0x00, 0x00, 0x00, 0x00, 0x00, 0x00, 0x00, 0x00, 0x00, 0x00, 0x00, 0x00,
0x00, 0x00, 0x00, 0x00, 0x00, 0x00, 0x00, 0x00, 0x00, 0x00, 0x00, 0x00, 0x00, 0x00, 0x00, 0x00,
0x08, 0x00, 0x80, 0xd2, 0x08, 0x00, 0xa0, 0xf2, 0x08, 0x00, 0xc0, 0xf2, 0x08, 0x00, 0xe0, 0xf2,
0x09, 0x01, 0x40, 0xf9, 0xe9, 0x00, 0x00, 0xb4, 0x1f, 0x28, 0x00, 0x71, 0x20, 0x01, 0x00, 0x39,
0x81, 0x00, 0x00, 0x54, 0x08, 0x01, 0x40, 0xf9, 0xa9, 0x01, 0x80, 0x52, 0x09, 0x01, 0x00, 0x39,
0xc0, 0x03, 0x5f, 0xd6, 0x00, 0x00, 0x80, 0xd2, 0x00, 0x00, 0xa0, 0xf2, 0x00, 0x00, 0xc0, 0xf2,
0x00, 0x00, 0xe0, 0xf2, 0x00, 0x00, 0x00, 0x14, 0xfd, 0x7b, 0xbf, 0xa9, 0x08, 0x00, 0x80, 0xd2,
0x08, 0x00, 0xa0, 0xf2, 0x08, 0x00, 0xc0, 0xf2, 0x08, 0x00, 0xe0, 0xf2, 0x01, 0x01, 0x40, 0xf9,
0x00, 0x00, 0x80, 0xd2, 0x00, 0x00, 0xa0, 0xf2, 0x00, 0x00, 0xc0, 0xf2, 0x00, 0x00, 0xe0, 0xf2,
0xfd, 0x03, 0x00, 0x91, 0x00, 0x00, 0x00, 0x94, 0x08, 0x00, 0x80, 0xd2, 0x08, 0x00, 0xa0, 0xf2,
0x08, 0x00, 0xc0, 0xf2, 0x08, 0x00, 0xe0, 0xf2, 0x01, 0x01, 0x40, 0xf9, 0x00, 0x00, 0x80, 0xd2,
0x00, 0x00, 0xa0, 0xf2, 0x00, 0x00, 0xc0, 0xf2, 0x00, 0x00, 0xe0, 0xf2, 0xfd, 0x7b, 0xc1, 0xa8,
0x00, 0x00, 0x00, 0x14, 0x08, 0x00, 0x80, 0xd2, 0x09, 0x00, 0x80, 0xd2, 0x08, 0x00, 0xa0, 0xf2,
0x09, 0x00, 0xa0, 0xf2, 0x08, 0x00, 0xc0, 0xf2, 0x09, 0x00, 0xc0, 0xf2, 0x08, 0x00, 0xe0, 0xf2,
0x09, 0x00, 0xe0, 0xf2, 0x00, 0x01, 0xc0, 0x3d, 0x21, 0x01, 0xc0, 0x3d, 0x1f, 0x7c, 0x00, 0xa9,
0x00, 0x84, 0x00, 0xad, 0xc0, 0x03, 0x5f, 0xd6, 0xff, 0x83, 0x04, 0xd1, 0x2d, 0x18, 0x40, 0x39,
0x29, 0x28, 0x40, 0x39, 0xf6, 0x57, 0x10, 0xa9, 0x35, 0x30, 0x40, 0x39, 0xf4, 0x4f, 0x11, 0xa9,
0xe9, 0xb7, 0x13, 0x29, 0x29, 0x38, 0x40, 0x39, 0x32, 0x44, 0x40, 0x39, 0x33, 0x50, 0x40, 0x39,
0xfd, 0x7b, 0x0c, 0xa9, 0xe9, 0x9b, 0x00, 0xb9, 0x29, 0x40, 0x40, 0x39, 0x3e, 0x34, 0x40, 0x39,
0x34, 0x54, 0x40, 0x39, 0x23, 0x60, 0x40, 0x39, 0x27, 0x80, 0x40, 0x39, 0xf8, 0x5f, 0x0f, 0xa9,
0x24, 0x64, 0x40, 0x39, 0x2d, 0x70, 0x40, 0x39, 0x37, 0x84, 0x40, 0x39, 0xfa, 0x67, 0x0e, 0xa9,
0x26, 0x74, 0x40, 0x39, 0xba, 0x1e, 0x08, 0x53, 0x35, 0x1d, 0x08, 0x53, 0x39, 0x90, 0x40, 0x39,
0x36, 0xa0, 0x40, 0x39, 0x2e, 0xc0, 0x40, 0x39, 0x55, 0x1e, 0x10, 0x33, 0x72, 0x1e, 0x08, 0x53,
0xfc, 0x6f, 0x0d, 0xa9, 0xfd, 0x03, 0x00, 0xaa, 0x28, 0x10, 0x40, 0x39, 0x2c, 0x20, 0x40, 0x39,
0x22, 0x94, 0x40, 0x39, 0x3c, 0xa4, 0x40, 0x39, 0x20, 0xb0, 0x40, 0x39, 0x2f, 0xc4, 0x40, 0x39,
0xda, 0x1f, 0x10, 0x33, 0x7e, 0x1c, 0x08, 0x53, 0x92, 0x1e, 0x10, 0x33, 0xf3, 0x1c, 0x08, 0x53,
0x2a, 0x14, 0x40, 0x39, 0x2b, 0x24, 0x40, 0x39, 0x31, 0xb4, 0x40, 0x39, 0xf4, 0x03, 0x12, 0x2a,
0x9e, 0x1c, 0x10, 0x33, 0xb2, 0x1d, 0x08, 0x53, 0xf3, 0x1e, 0x10, 0x33, 0xb7, 0x13, 0x43, 0x29,
0xd2, 0x1c, 0x10, 0x33, 0xe7, 0x03, 0x12, 0x2a, 0xfe, 0xcb, 0x0c, 0x29, 0x32, 0x1f, 0x08, 0x53,
0xcd, 0x1e, 0x08, 0x53, 0xce, 0x1d, 0x08, 0x53, 0x30, 0xd0, 0x40, 0x39, 0x18, 0x1d, 0x08, 0x53,
0x9b, 0x1d, 0x08, 0x53, 0x28, 0xf0, 0x40, 0x39, 0x52, 0x1c, 0x10, 0x33, 0x8d, 0x1f, 0x10, 0x33,
0x00, 0x1c, 0x08, 0x53, 0xee, 0x1d, 0x10, 0x33, 0x58, 0x1d, 0x10, 0x33, 0x2a, 0xe0, 0x40, 0x39,
0x7b, 0x1d, 0x10, 0x33, 0x2b, 0xf4, 0x40, 0x39, 0xa3, 0x27, 0x42, 0x29, 0xf7, 0x93, 0x16, 0x29,
0xe2, 0x03, 0x12, 0x2a, 0xf2, 0x5b, 0x00, 0xb9, 0xf2, 0x03, 0x0d, 0x2a, 0xed, 0x77, 0x00, 0xb9,
0xad, 0x67, 0x44, 0x29, 0x20, 0x1e, 0x10, 0x33, 0xf1, 0x03, 0x0e, 0x2a, 0xee, 0x7b, 0x00, 0xb9,
0xae, 0x13, 0x45, 0x29, 0x0f, 0x1e, 0x08, 0x53, 0x10, 0x1d, 0x08, 0x53, 0x46, 0x1d, 0x08, 0x53,
0xc8, 0x01, 0x2d, 0x0a, 0x2a, 0x03, 0x0d, 0x0a, 0x70, 0x1d, 0x10, 0x33, 0xeb, 0x03, 0x09, 0x2a,
0x4a, 0x01, 0x08, 0x2a, 0x68, 0x01, 0x03, 0x2a, 0x2c, 0xe4, 0x40, 0x39, 0xe9, 0xaf, 0x00, 0xb9,
0x29, 0x01, 0x03, 0x0a, 0xe8, 0x02, 0x08, 0x0a, 0x09, 0x01, 0x09, 0x2a, 0xe8, 0xa3, 0x40, 0xb9,
0x25, 0xd4, 0x40, 0x39, 0x2b, 0x48, 0x40, 0x39, 0xf9, 0xb3, 0x00, 0xb9, 0x86, 0x1d, 0x10, 0x33,
0xf9, 0x03, 0x18, 0x2a, 0x2c, 0x58, 0x40, 0x39, 0xee, 0xbf, 0x00, 0xb9, 0x19, 0x1d, 0x18, 0x33,
0xe8, 0x9f, 0x40, 0xb9, 0x2e, 0x68, 0x40, 0x39, 0xfb, 0x4f, 0x00, 0xb9, 0xaf, 0x1c, 0x10, 0x33,
0xe5, 0x03, 0x10, 0x2a, 0xf6, 0x03, 0x1b, 0x2a, 0x30, 0x78, 0x40, 0x39, 0xfb, 0x03, 0x15, 0x2a,
0x7b, 0x1d, 0x18, 0x33, 0xeb, 0x03, 0x14, 0x2a, 0x8b, 0x1d, 0x18, 0x33, 0x2c, 0x88, 0x40, 0x39,
0x3c, 0xa8, 0x40, 0x39, 0x16, 0x1d, 0x18, 0x33, 0xe8, 0x9b, 0x40, 0xb9, 0xde, 0x1d, 0x18, 0x33,
0x2e, 0x98, 0x40, 0x39, 0x07, 0x1e, 0x18, 0x33, 0xe7, 0x63, 0x00, 0xb9, 0xe7, 0x03, 0x12, 0x2a,
0xf3, 0x6f, 0x00, 0xb9, 0x93, 0x1d, 0x18, 0x33, 0xec, 0x03, 0x02, 0x2a, 0x87, 0x1f, 0x18, 0x33,
0x3c, 0xd8, 0x40, 0x39, 0xfa, 0x47, 0x00, 0xb9, 0x1a, 0x1d, 0x18, 0x33, 0xcc, 0x1d, 0x18, 0x33,
0x2e, 0xc8, 0x40, 0x39, 0x28, 0xf8, 0x40, 0x39, 0xef, 0x93, 0x00, 0xb9, 0xf2, 0x03, 0x11, 0x2a,
0x8f, 0x1f, 0x18, 0x33, 0xfc, 0x03, 0x05, 0x2a, 0xd2, 0x1d, 0x18, 0x33, 0x1c, 0x1d, 0x18, 0x33,
0x28, 0x00, 0x40, 0xb9, 0x6e, 0x08, 0x83, 0x13, 0xce, 0x35, 0xc3, 0x4a, 0xce, 0x59, 0xc3, 0x4a,
0x29, 0x01, 0x0e, 0x0b, 0xfd, 0x43, 0x00, 0xf9, 0x3d, 0xb8, 0x40, 0x39, 0xe9, 0xa3, 0x00, 0xb9,
0x09, 0x09, 0xc0, 0x5a, 0xa8, 0x19, 0x8d, 0x13, 0x08, 0x2d, 0xcd, 0x4a, 0x08, 0x65, 0xcd, 0x4a,
0x28, 0x01, 0x08, 0x0b, 0xe0, 0x8b, 0x00, 0xb9, 0xa0, 0x1f, 0x18, 0x33, 0x3d, 0xe8, 0x40, 0x39,
0x08, 0x01, 0x04, 0x0b, 0xe9, 0x9f, 0x00, 0xb9, 0x08, 0x01, 0x0a, 0x0b, 0x2a, 0xec, 0x40, 0x39,
0x09, 0xf3, 0x85, 0x52, 0x49, 0x51, 0xa8, 0x72, 0xf0, 0x03, 0x06, 0x2a, 0x08, 0x01, 0x09, 0x0b,
0x29, 0x1c, 0x40, 0x39, 0xb0, 0x1f, 0x18, 0x33, 0xea, 0x8f, 0x00, 0xb9, 0x0a, 0x02, 0x0a, 0x2a,
0xe8, 0x9b, 0x00, 0xb9, 0x48, 0x4d, 0x86, 0x13, 0x08, 0x29, 0x50, 0x4a, 0x39, 0x03, 0x09, 0x2a,
0xe4, 0x7f, 0x00, 0xb9, 0xe8, 0x17, 0x00, 0xb9, 0x28, 0x1d, 0x99, 0x13, 0x24, 0xfc, 0x40, 0x39,
0x29, 0x4b, 0x98, 0x13, 0x08, 0x01, 0x09, 0x4a, 0xe8, 0x5f, 0x00, 0xb9, 0x28, 0x2c, 0x40, 0x39,
0xed, 0x8f, 0x14, 0x29, 0xed, 0x4f, 0x40, 0xb9, 0x83, 0x03, 0x04, 0x2a, 0x69, 0x4c, 0x85, 0x13,
0xef, 0x4b, 0x00, 0xb9, 0x2f, 0x29, 0x5c, 0x4a, 0xd0, 0x02, 0x08, 0x2a, 0x29, 0x3c, 0x40, 0x39,
0x0e, 0x4a, 0x8d, 0x13, 0xed, 0x47, 0x40, 0xb9, 0x08, 0x1d, 0x90, 0x13, 0x5a, 0x03, 0x09, 0x2a,
0x08, 0x01, 0x0e, 0x4a, 0x29, 0x1d, 0x9a, 0x13, 0x4e, 0x4b, 0x8d, 0x13, 0xe8, 0xbf, 0x09, 0x29,
0x28, 0x4c, 0x40, 0x39, 0x29, 0x01, 0x0e, 0x4a, 0xe9, 0x43, 0x00, 0xb9, 0x29, 0x5c, 0x40, 0x39,
0x7d, 0x03, 0x08, 0x2a, 0x08, 0x1d, 0x9d, 0x13, 0xad, 0x4b, 0x95, 0x13, 0x76, 0x01, 0x09, 0x2a,
0x18, 0x01, 0x0d, 0x4a, 0x29, 0x1d, 0x96, 0x13, 0xcd, 0x4a, 0x94, 0x13, 0x2b, 0x6c, 0x40, 0x39,
0x28, 0x01, 0x0d, 0x4a, 0xe8, 0x47, 0x00, 0xb9, 0xe8, 0x67, 0x40, 0xb9, 0xe0, 0x73, 0x00, 0xb9,
0xc0, 0x03, 0x0b, 0x2a, 0x6b, 0x1d, 0x80, 0x13, 0x0d, 0x48, 0x88, 0x13, 0x68, 0x01, 0x0d, 0x4a,
0x29, 0x7c, 0x40, 0x39, 0xe8, 0x67, 0x00, 0xb9, 0xe8, 0x63, 0x40, 0xb9, 0xf3, 0x57, 0x00, 0xb9,
0x2b, 0x8c, 0x40, 0x39, 0xf3, 0x03, 0x06, 0x2a, 0x0d, 0x01, 0x09, 0x2a, 0xe8, 0x6b, 0x40, 0xb9,
0xed, 0x3f, 0x00, 0xb9, 0x29, 0x1d, 0x8d, 0x13, 0xad, 0x49, 0x88, 0x13, 0x28, 0x01, 0x0d, 0x4a,
0xe8, 0x63, 0x00, 0xb9, 0xe8, 0x57, 0x40, 0xb9, 0x2d, 0x9c, 0x40, 0x39, 0x1c, 0x01, 0x0b, 0x2a,
0xe8, 0x6f, 0x40, 0xb9, 0x6b, 0x1d, 0x9c, 0x13, 0x95, 0x01, 0x0d, 0x2a, 0xac, 0x1d, 0x95, 0x13,
0x8e, 0x4b, 0x88, 0x13, 0x68, 0x01, 0x0e, 0x4a, 0xe8, 0x57, 0x00, 0xb9, 0xe8, 0x5b, 0x40, 0xb9,
0x2b, 0xac, 0x40, 0x39, 0xfc, 0x1b, 0x00, 0xb9, 0xad, 0x4a, 0x88, 0x13, 0x88, 0x01, 0x0d, 0x4a,
0xe8, 0x5b, 0x00, 0xb9, 0xe8, 0x77, 0x40, 0xb9, 0xe2, 0x00, 0x0b, 0x2a, 0x6b, 0x1d, 0x82, 0x13,
0x2d, 0xbc, 0x40, 0x39, 0x4f, 0x48, 0x88, 0x13, 0x68, 0x01, 0x0f, 0x4a, 0xe8, 0x3b, 0x00, 0xb9,
0xe8, 0x73, 0x40, 0xb9, 0x2f, 0xcc, 0x40, 0x39, 0xeb, 0xbb, 0x55, 0x29, 0xec, 0x03, 0x03, 0x2a,
0x1b, 0x01, 0x0d, 0x2a, 0xe8, 0x8b, 0x40, 0xb9, 0xad, 0x1d, 0x9b, 0x13, 0x49, 0x02, 0x0f, 0x2a,
0xef, 0x1d, 0x89, 0x13, 0x71, 0x4b, 0x88, 0x13, 0xa8, 0x01, 0x11, 0x4a, 0xe8, 0x23, 0x00, 0xb9,
0xe8, 0x7b, 0x40, 0xb9, 0x2d, 0xdc, 0x40, 0x39, 0xf7, 0x03, 0x09, 0x2a, 0xe1, 0x03, 0x0a, 0x2a,
0x31, 0x49, 0x88, 0x13, 0xe8, 0x01, 0x11, 0x4a, 0xe8, 0x1f, 0x00, 0xb9, 0xe8, 0x4b, 0x40, 0xb9,
0xfb, 0x2f, 0x00, 0xb9, 0x06, 0x01, 0x0d, 0x2a, 0xe8, 0x93, 0x40, 0xb9, 0xad, 0x1d, 0x86, 0x13,
0xe6, 0x07, 0x06, 0x29, 0xd1, 0x48, 0x88, 0x13, 0xa8, 0x01, 0x11, 0x4a, 0xe8, 0x0f, 0x12, 0x29,
0xe8, 0x8f, 0x40, 0xb9, 0x51, 0x49, 0x93, 0x13, 0x0d, 0x1d, 0x8a, 0x13, 0xa8, 0x01, 0x11, 0x4a,
0xe9, 0x23, 0x11, 0x29, 0xe9, 0x17, 0x40, 0xb9, 0xe8, 0x53, 0x40, 0xb9, 0x8d, 0x1c, 0x83, 0x13,
0x71, 0x48, 0x85, 0x13, 0xaa, 0x01, 0x11, 0x4a, 0x2d, 0x44, 0x93, 0x13, 0x31, 0x01, 0x0d, 0x4a,
0x6d, 0x44, 0x85, 0x13, 0x04, 0x01, 0x0d, 0x4a, 0xe8, 0x5f, 0x40, 0xb9, 0xea, 0x4b, 0x00, 0xb9,
0x0d, 0x0d, 0x59, 0x4a, 0xe5, 0x23, 0x53, 0x29, 0xb2, 0x01, 0x08, 0x0b, 0xe8, 0x2b, 0x54, 0x29,
0x52, 0x02, 0x15, 0x0b, 0x4f, 0x02, 0x11, 0x0b, 0xf2, 0x03, 0x02, 0x2a, 0x0d, 0x01, 0x05, 0x0b,
0xe8, 0x7b, 0x57, 0x29, 0xf5, 0xcb, 0x04, 0x29, 0xa9, 0x00, 0x08, 0x0b, 0xe8, 0x4f, 0x40, 0xb9,
0xc7, 0x01, 0x29, 0x0a, 0x54, 0x01, 0x09, 0x0a, 0x87, 0x02, 0x07, 0x2a, 0x14, 0x0d, 0x50, 0x4a,
0x94, 0x02, 0x19, 0x0b, 0xe8, 0xab, 0x40, 0xb9, 0x91, 0x02, 0x02, 0x0b, 0x23, 0x02, 0x04, 0x0b,
0x31, 0x19, 0x89, 0x13, 0x39, 0x03, 0x1e, 0x0b, 0x31, 0x2e, 0xc9, 0x4a, 0xe2, 0x43, 0x40, 0xb9,
0x27, 0x03, 0x07, 0x0b, 0xb9, 0x01, 0x08, 0x2a, 0x31, 0x66, 0xc9, 0x4a, 0xa4, 0x09, 0x8d, 0x13,
0x39, 0x03, 0x0b, 0x0a, 0xbe, 0x01, 0x08, 0x0a, 0xf1, 0x00, 0x11, 0x0b, 0x84, 0x34, 0xcd, 0x4a,
0x27, 0x92, 0x88, 0x52, 0x39, 0x03, 0x1e, 0x2a, 0x84, 0x58, 0xcd, 0x4a, 0xe7, 0x26, 0xae, 0x72,
0x84, 0x00, 0x19, 0x0b, 0x31, 0x02, 0x07, 0x0b, 0x47, 0x0c, 0x5a, 0x4a, 0xf9, 0x45, 0x8f, 0x13,
0xe7, 0x00, 0x10, 0x0b, 0x39, 0x4f, 0xcf, 0x4a, 0x9e, 0x00, 0x11, 0x0b, 0xe4, 0xb7, 0x40, 0xb9,
0xe7, 0x00, 0x1b, 0x0b, 0x39, 0x2b, 0x4f, 0x4a, 0xe2, 0x00, 0x19, 0x0b, 0x07, 0x0f, 0x5d, 0x4a,
0x78, 0x44, 0x83, 0x13, 0xe7, 0x00, 0x1a, 0x0b, 0x18, 0x4f, 0xc3, 0x4a, 0xe7, 0x00, 0x17, 0x0b,
0x18, 0x2b, 0x43, 0x4a, 0x31, 0x02, 0x04, 0x0b, 0xe5, 0x00, 0x18, 0x0b, 0x44, 0x01, 0x31, 0x0a,
0x27, 0x01, 0x11, 0x0a, 0xe4, 0x00, 0x04, 0x2a, 0x10, 0x02, 0x0e, 0x0b, 0x10, 0x02, 0x04, 0x0b,
0xc4, 0x03, 0x0d, 0x2a, 0x84, 0x00, 0x08, 0x0a, 0xc7, 0x03, 0x0d, 0x0a, 0x84, 0x00, 0x07, 0x2a,
0x27, 0x1a, 0x91, 0x13, 0xe7, 0x2c, 0xd1, 0x4a, 0xe7, 0x64, 0xd1, 0x4a, 0x10, 0x02, 0x07, 0x0b,
0xc7, 0x0b, 0x9e, 0x13, 0xee, 0x03, 0x08, 0x2a, 0xe7, 0x34, 0xde, 0x4a, 0xe8, 0x47, 0x40, 0xb9,
0xe7, 0x58, 0xde, 0x4a, 0xe4, 0x00, 0x04, 0x0b, 0xe7, 0x79, 0x9f, 0x52, 0x07, 0xb8, 0xb6, 0x72,
0x10, 0x02, 0x07, 0x0b, 0x07, 0x0d, 0x56, 0x4a, 0xe8, 0x67, 0x40, 0xb9, 0x59, 0x44, 0x82, 0x13,
0xe7, 0x00, 0x1d, 0x0b, 0x39, 0x4f, 0xc2, 0x4a, 0xe7, 0x00, 0x06, 0x0b, 0x39, 0x2b, 0x42, 0x4a,
0xf3, 0x00, 0x19, 0x0b, 0x07, 0x0d, 0x40, 0x4a, 0xf4, 0x03, 0x00, 0x2a, 0xe7, 0x00, 0x16, 0x0b,
0xe0, 0x03, 0x16, 0x2a, 0xb6, 0x44, 0x85, 0x13, 0xd6, 0x4e, 0xc5, 0x4a, 0xe7, 0x00, 0x01, 0x0b,
0xd6, 0x2a, 0x45, 0x4a, 0x84, 0x00, 0x10, 0x0b, 0x10, 0x02, 0x0b, 0x0b, 0xf7, 0x00, 0x16, 0x0b,
0xa7, 0x03, 0x09, 0x0b, 0x28, 0x01, 0x30, 0x0a, 0x36, 0x02, 0x10, 0x0a, 0xf9, 0x3f, 0x40, 0xb9,
0xe9, 0x63, 0x40, 0xb9, 0xc8, 0x02, 0x08, 0x2a, 0x56, 0x03, 0x0a, 0x0b, 0xc8, 0x02, 0x08, 0x0b,
0x96, 0x00, 0x1e, 0x2a, 0xd6, 0x02, 0x0d, 0x0a, 0x9a, 0x00, 0x1e, 0x0a, 0xd6, 0x02, 0x1a, 0x2a,
0x3a, 0x0d, 0x59, 0x4a, 0xe9, 0xab, 0x4a, 0x29, 0x7d, 0x46, 0x93, 0x13, 0x5a, 0x03, 0x14, 0x0b,
0xbd, 0x4f, 0xd3, 0x4a, 0x5a, 0x03, 0x0c, 0x0b, 0xbd, 0x2b, 0x53, 0x4a, 0x58, 0x03, 0x1d, 0x0b,
0x3a, 0x0d, 0x5c, 0x4a, 0xfd, 0x46, 0x97, 0x13, 0x5a, 0x03, 0x19, 0x0b, 0xbd, 0x4f, 0xd7, 0x4a,
0x5a, 0x03, 0x0f, 0x0b, 0xbd, 0x2b, 0x57, 0x4a, 0x49, 0x03, 0x1d, 0x0b, 0x1a, 0x1a, 0x90, 0x13,
0x5a, 0x2f, 0xd0, 0x4a, 0x5a, 0x67, 0xd0, 0x4a, 0x08, 0x01, 0x1a, 0x0b, 0x9a, 0x08, 0x84, 0x13,
0x5a, 0x37, 0xc4, 0x4a, 0x5a, 0x5b, 0xc4, 0x4a, 0x56, 0x03, 0x16, 0x0b, 0xba, 0x74, 0x9b, 0x52,
0xba, 0x36, 0xbd, 0x72, 0x08, 0x01, 0x1a, 0x0b, 0x5a, 0x0d, 0x55, 0x4a, 0xea, 0x3b, 0x40, 0xb9,
0x5a, 0x03, 0x1c, 0x0b, 0x1c, 0x47, 0x98, 0x13, 0x9c, 0x4f, 0xd8, 0x4a, 0x5a, 0x03, 0x03, 0x0b,
0x9c, 0x2b, 0x58, 0x4a, 0x5d, 0x03, 0x1c, 0x0b, 0x4c, 0x0d, 0x52, 0x4a, 0x3a, 0x45, 0x89, 0x13,
0x8c, 0x01, 0x15, 0x0b, 0x5a, 0x4f, 0xc9, 0x4a, 0x8c, 0x01, 0x02, 0x0b, 0x5a, 0x2b, 0x49, 0x4a,
0xca, 0x02, 0x08, 0x0b, 0x16, 0x01, 0x0e, 0x0b, 0x95, 0x01, 0x1a, 0x0b, 0x28, 0x02, 0x36, 0x0a,
0x0c, 0x02, 0x16, 0x0a, 0x88, 0x01, 0x08, 0x2a, 0x4c, 0x01, 0x04, 0x2a, 0x1a, 0x00, 0x11, 0x0b,
0x8c, 0x01, 0x1e, 0x0a, 0x51, 0x01, 0x04, 0x0a, 0x8c, 0x01, 0x11, 0x2a, 0xd1, 0x1a, 0x96, 0x13,
0x31, 0x2e, 0xd6, 0x4a, 0xe8, 0x00, 0x08, 0x0b, 0x31, 0x66, 0xd6, 0x4a, 0x08, 0x01, 0x11, 0x0b,
0x51, 0x09, 0x8a, 0x13, 0xfc, 0x03, 0x12, 0x2a, 0xf2, 0x03, 0x09, 0x2a, 0xe9, 0xa3, 0x00, 0xb9,
0x31, 0x36, 0xca, 0x4a, 0xe9, 0x23, 0x40, 0xb9, 0x31, 0x5a, 0xca, 0x4a, 0x31, 0x02, 0x0c, 0x0b,
0x6c, 0x4b, 0x98, 0x52, 0xcc, 0x2a, 0xa7, 0x72, 0x08, 0x01, 0x0c, 0x0b, 0x2b, 0x0d, 0x5b, 0x4a,
0xac, 0x47, 0x9d, 0x13, 0x6b, 0x01, 0x1c, 0x0b, 0x8c, 0x4d, 0xdd, 0x4a, 0x6b, 0x01, 0x05, 0x0b,
0x8c, 0x29, 0x5d, 0x4a, 0x67, 0x01, 0x0c, 0x0b, 0xe9, 0x8b, 0x40, 0xb9, 0xeb, 0x1f, 0x40, 0xb9,
0xac, 0x46, 0x95, 0x13, 0x8c, 0x4d, 0xd5, 0x4a, 0x8c, 0x29, 0x55, 0x4a, 0x6b, 0x0d, 0x49, 0x4a,
0x6b, 0x01, 0x1b, 0x0b, 0x6b, 0x01, 0x13, 0x0b, 0x7b, 0x01, 0x0c, 0x0b, 0x0c, 0x01, 0x0d, 0x0b,
0xee, 0x93, 0x40, 0xb9, 0x28, 0x02, 0x08, 0x0b, 0x0b, 0x02, 0x2c, 0x0a, 0xcd, 0x02, 0x0c, 0x0a,
0xab, 0x01, 0x0b, 0x2a, 0x0d, 0x01, 0x0a, 0x2a, 0x9c, 0x02, 0x10, 0x0b, 0xad, 0x01, 0x04, 0x0a,
0x10, 0x01, 0x0a, 0x0a, 0xad, 0x01, 0x10, 0x2a, 0xd0, 0x0d, 0x46, 0x4a, 0xee, 0x8f, 0x40, 0xb9,
0xf1, 0x44, 0x87, 0x13, 0x10, 0x02, 0x09, 0x0b, 0x31, 0x4e, 0xc7, 0x4a, 0x10, 0x02, 0x17, 0x0b,
0x31, 0x2a, 0x47, 0x4a, 0x14, 0x02, 0x11, 0x0b, 0xd0, 0x0d, 0x41, 0x4a, 0x71, 0x47, 0x9b, 0x13,
0x10, 0x02, 0x06, 0x0b, 0x31, 0x4e, 0xdb, 0x4a, 0x10, 0x02, 0x18, 0x0b, 0x31, 0x2a, 0x5b, 0x4a,
0x4b, 0x03, 0x0b, 0x0b, 0x1a, 0x02, 0x11, 0x0b, 0x90, 0x19, 0x8c, 0x13, 0x10, 0x2e, 0xcc, 0x4a,
0x10, 0x66, 0xcc, 0x4a, 0x6b, 0x01, 0x10, 0x0b, 0x10, 0x09, 0x88, 0x13, 0x10, 0x36, 0xc8, 0x4a,
0x10, 0x5a, 0xc8, 0x4a, 0x10, 0x02, 0x0d, 0x0b, 0x2d, 0x3e, 0x82, 0x52, 0x2d, 0x3e, 0xab, 0x72,
0x6b, 0x01, 0x0d, 0x0b, 0x6d, 0x01, 0x1e, 0x0b, 0x0b, 0x02, 0x0b, 0x0b, 0xe6, 0x97, 0x40, 0xb9,
0xf0, 0x4b, 0x40, 0xb9, 0x91, 0x46, 0x94, 0x13, 0x31, 0x4e, 0xd4, 0x4a, 0x31, 0x2a, 0x54, 0x4a,
0x10, 0x0e, 0x46, 0x4a, 0x10, 0x02, 0x01, 0x0b, 0x10, 0x02, 0x12, 0x0b, 0x09, 0x02, 0x11, 0x0b,
0xf0, 0x1d, 0x8f, 0x13, 0x10, 0x4a, 0xcf, 0x4a, 0x10, 0x0e, 0x4f, 0x4a, 0x51, 0x47, 0x9a, 0x13,
0x10, 0x02, 0x06, 0x0b, 0x31, 0x4e, 0xda, 0x4a, 0x10, 0x02, 0x1d, 0x0b, 0x31, 0x2a, 0x5a, 0x4a,
0x0e, 0x02, 0x11, 0x0b, 0xd1, 0x02, 0x2d, 0x0a, 0x80, 0x01, 0x0d, 0x0a, 0x11, 0x00, 0x11, 0x2a,
0xe1, 0x03, 0x0f, 0x2a, 0xef, 0x4f, 0x00, 0xb9, 0x8f, 0x03, 0x11, 0x0b, 0x71, 0x01, 0x08, 0x2a,
0x31, 0x02, 0x0a, 0x0a, 0x60, 0x01, 0x08, 0x0a, 0x31, 0x02, 0x00, 0x2a, 0xa0, 0x19, 0x8d, 0x13,
0x00, 0x2c, 0xcd, 0x4a, 0x00, 0x64, 0xcd, 0x4a, 0xef, 0x01, 0x00, 0x0b, 0x60, 0x09, 0x8b, 0x13,
0x00, 0x34, 0xcb, 0x4a, 0x00, 0x58, 0xcb, 0x4a, 0x11, 0x00, 0x11, 0x0b, 0x80, 0x54, 0x90, 0x52,
0xe0, 0x47, 0xb2, 0x72, 0xe0, 0x01, 0x00, 0x0b, 0x6f, 0x1c, 0x83, 0x13, 0xef, 0x49, 0xc3, 0x4a,
0xef, 0x0d, 0x43, 0x4a, 0xef, 0x01, 0x01, 0x0b, 0x21, 0x45, 0x89, 0x13, 0x21, 0x4c, 0xc9, 0x4a,
0xef, 0x01, 0x15, 0x0b, 0x21, 0x28, 0x49, 0x4a, 0xe6, 0x01, 0x01, 0x0b, 0x4f, 0x1c, 0x82, 0x13,
0xef, 0x49, 0xc2, 0x4a, 0x30, 0x03, 0x16, 0x0b, 0xf9, 0x03, 0x09, 0x2a, 0xe9, 0x9b, 0x00, 0xb9,
0xef, 0x0d, 0x42, 0x4a, 0xc1, 0x45, 0x8e, 0x13, 0xe9, 0x1b, 0x40, 0xb9, 0xef, 0x01, 0x03, 0x0b,
0x21, 0x4c, 0xce, 0x4a, 0xef, 0x01, 0x07, 0x0b, 0x21, 0x28, 0x4e, 0x4a, 0xfe, 0x03, 0x0e, 0x2a,
0xee, 0x93, 0x00, 0xb9, 0xee, 0x01, 0x01, 0x0b, 0x0f, 0x00, 0x04, 0x0b, 0x31, 0x02, 0x00, 0x0b,
0x20, 0x01, 0x0c, 0x0b, 0x89, 0x01, 0x2f, 0x0a, 0xac, 0x01, 0x0f, 0x0a, 0x89, 0x01, 0x09, 0x2a,
0x2c, 0x02, 0x0b, 0x2a, 0x09, 0x02, 0x09, 0x0b, 0x8c, 0x01, 0x08, 0x0a, 0x30, 0x02, 0x0b, 0x0a,
0x8c, 0x01, 0x10, 0x2a, 0xb0, 0x1c, 0x85, 0x13, 0x10, 0x4a, 0xc5, 0x4a, 0x10, 0x0e, 0x45, 0x4a,
0xc1, 0x44, 0x86, 0x13, 0x10, 0x02, 0x02, 0x0b, 0x21, 0x4c, 0xc6, 0x4a, 0x10, 0x02, 0x1b, 0x0b,
0x21, 0x28, 0x46, 0x4a, 0xe2, 0x7b, 0x00, 0xb9, 0x02, 0x02, 0x01, 0x0b, 0x70, 0x1e, 0x93, 0x13,
0x10, 0x4a, 0xd3, 0x4a, 0xf2, 0x03, 0x05, 0x2a, 0x10, 0x0e, 0x53, 0x4a, 0xc1, 0x45, 0x8e, 0x13,
0x10, 0x02, 0x12, 0x0b, 0x21, 0x4c, 0xce, 0x4a, 0x10, 0x02, 0x14, 0x0b, 0x21, 0x28, 0x4e, 0x4a,
0xf4, 0x9f, 0x00, 0xb9, 0xf4, 0x03, 0x0e, 0x2a, 0x0e, 0x02, 0x01, 0x0b, 0xf0, 0x19, 0x8f, 0x13,
0x10, 0x2e, 0xcf, 0x4a, 0x10, 0x66, 0xcf, 0x4a, 0x29, 0x01, 0x10, 0x0b, 0x30, 0x0a, 0x91, 0x13,
0x10, 0x36, 0xd1, 0x4a, 0x10, 0x5a, 0xd1, 0x4a, 0x0c, 0x02, 0x0c, 0x0b, 0xb0, 0xda, 0x8b, 0x52,
0x90, 0x63, 0xb5, 0x72, 0x30, 0x01, 0x10, 0x0b, 0x09, 0x02, 0x0a, 0x0b, 0xea, 0x1e, 0x97, 0x13,
0x4a, 0x49, 0xd7, 0x4a, 0x8c, 0x01, 0x10, 0x0b, 0x4a, 0x0d, 0x57, 0x4a, 0x50, 0x44, 0x82, 0x13,
0x4a, 0x01, 0x13, 0x0b, 0x10, 0x4e, 0xc2, 0x4a, 0x4a, 0x01, 0x1a, 0x0b, 0x10, 0x2a, 0x42, 0x4a,
0xf3, 0x17, 0x0e, 0x29, 0xe5, 0x03, 0x06, 0x2a, 0xe6, 0x03, 0x02, 0x2a, 0x42, 0x01, 0x10, 0x0b,
0x0a, 0x1f, 0x98, 0x13, 0x4a, 0x49, 0xd8, 0x4a, 0x4a, 0x0d, 0x58, 0x4a, 0xd0, 0x45, 0x8e, 0x13,
0x4a, 0x01, 0x17, 0x0b, 0x10, 0x4e, 0xce, 0x4a, 0x4a, 0x01, 0x19, 0x0b, 0x10, 0x2a, 0x4e, 0x4a,
0xe3, 0x6b, 0x00, 0xb9, 0x43, 0x01, 0x10, 0x0b, 0xea, 0x27, 0x40, 0xb9, 0xfc, 0x03, 0x0e, 0x2a,
0xee, 0x01, 0x09, 0x0a, 0x90, 0x01, 0x11, 0x0a, 0x4a, 0x01, 0x0d, 0x0b, 0xad, 0x01, 0x29, 0x0a,
0xcd, 0x01, 0x0d, 0x2a, 0x8e, 0x01, 0x11, 0x2a, 0xce, 0x01, 0x0b, 0x0a, 0xce, 0x01, 0x10, 0x2a,
0x30, 0x19, 0x89, 0x13, 0x10, 0x2e, 0xc9, 0x4a, 0x0d, 0x00, 0x0d, 0x0b, 0x10, 0x66, 0xc9, 0x4a,
0xad, 0x01, 0x10, 0x0b, 0x90, 0x09, 0x8c, 0x13, 0x10, 0x36, 0xcc, 0x4a, 0xf9, 0xa3, 0x40, 0xb9,
0x10, 0x5a, 0xcc, 0x4a, 0x10, 0x02, 0x0e, 0x0b, 0x0e, 0x53, 0x95, 0x52, 0xee, 0x00, 0xbb, 0x72,
0xad, 0x01, 0x0e, 0x0b, 0x2e, 0x1f, 0x99, 0x13, 0xce, 0x49, 0xd9, 0x4a, 0xce, 0x0d, 0x59, 0x4a,
0x40, 0x44, 0x82, 0x13, 0xce, 0x01, 0x18, 0x0b, 0x00, 0x4c, 0xc2, 0x4a, 0xce, 0x01, 0x1e, 0x0b,
0x00, 0x28, 0x42, 0x4a, 0xc4, 0x01, 0x00, 0x0b, 0xae, 0x1f, 0x9d, 0x13, 0xce, 0x49, 0xdd, 0x4a,
0xce, 0x0d, 0x5d, 0x4a, 0x60, 0x44, 0x83, 0x13, 0xce, 0x01, 0x19, 0x0b, 0x00, 0x4c, 0xc3, 0x4a,
0xce, 0x01, 0x05, 0x0b, 0x00, 0x28, 0x43, 0x4a, 0xe1, 0x03, 0x05, 0x2a, 0xe5, 0x03, 0x03, 0x2a,
0xe3, 0x8f, 0x00, 0xb9, 0xc3, 0x01, 0x00, 0x0b, 0xae, 0x01, 0x08, 0x0b, 0xe8, 0x2b, 0x40, 0xb9,
0x0d, 0x02, 0x0d, 0x0b, 0x30, 0x01, 0x0e, 0x0a, 0x80, 0x44, 0x84, 0x13, 0x08, 0x01, 0x0f, 0x0b,
0xef, 0x01, 0x2e, 0x0a, 0x0f, 0x02, 0x0f, 0x2a, 0x4a, 0x01, 0x0f, 0x0b, 0xaf, 0x01, 0x0c, 0x2a,
0xef, 0x01, 0x11, 0x0a, 0xb0, 0x01, 0x0c, 0x0a, 0xef, 0x01, 0x10, 0x2a, 0xb0, 0x1e, 0x95, 0x13,
0x10, 0x4a, 0xd5, 0x4a, 0x10, 0x0e, 0x55, 0x4a, 0x10, 0x02, 0x1d, 0x0b, 0x00, 0x4c, 0xc4, 0x4a,
0x10, 0x02, 0x14, 0x0b, 0x00, 0x28, 0x44, 0x4a, 0x1e, 0x02, 0x00, 0x0b, 0xf0, 0x1c, 0x87, 0x13,
0x10, 0x4a, 0xc7, 0x4a, 0x10, 0x0e, 0x47, 0x4a, 0x60, 0x44, 0x83, 0x13, 0x10, 0x02, 0x15, 0x0b,
0x00, 0x4c, 0xc3, 0x4a, 0x10, 0x02, 0x06, 0x0b, 0x00, 0x28, 0x43, 0x4a, 0xf7, 0x6f, 0x00, 0xb9,
0xf7, 0x03, 0x06, 0x2a, 0x06, 0x02, 0x00, 0x0b, 0xd0, 0x19, 0x8e, 0x13, 0x10, 0x2e, 0xce, 0x4a,
0x10, 0x66, 0xce, 0x4a, 0x4a, 0x01, 0x10, 0x0b, 0xb0, 0x09, 0x8d, 0x13, 0x10, 0x36, 0xcd, 0x4a,
0x10, 0x5a, 0xcd, 0x4a, 0x0f, 0x02, 0x0f, 0x0b, 0x30, 0x60, 0x8b, 0x52, 0x70, 0x50, 0xa2, 0x72,
0x50, 0x01, 0x10, 0x0b, 0x0a, 0x02, 0x0b, 0x0b, 0xeb, 0x01, 0x10, 0x0b, 0x6f, 0x1f, 0x9b, 0x13,
0xe7, 0x57, 0x0b, 0x29, 0xef, 0x49, 0xdb, 0x4a, 0xf5, 0x9f, 0x40, 0xb9, 0xef, 0x0d, 0x5b, 0x4a,
0xd0, 0x47, 0x9e, 0x13, 0xef, 0x01, 0x07, 0x0b, 0x10, 0x4e, 0xde, 0x4a, 0xef, 0x01, 0x1c, 0x0b,
0x10, 0x2a, 0x5e, 0x4a, 0xfd, 0x63, 0x00, 0xb9, 0xfd, 0x01, 0x10, 0x0b, 0xaf, 0x1e, 0x95, 0x13,
0xef, 0x49, 0xd5, 0x4a, 0xef, 0x0d, 0x55, 0x4a, 0xd0, 0x44, 0x86, 0x13, 0xf3, 0x03, 0x02, 0x2a,
0xef, 0x01, 0x1b, 0x0b, 0x10, 0x4e, 0xc6, 0x4a, 0xef, 0x01, 0x13, 0x0b, 0x10, 0x2a, 0x46, 0x4a,
0xe2, 0x03, 0x1c, 0x2a, 0xfc, 0x01, 0x10, 0x0b, 0xef, 0x2f, 0x40, 0xb9, 0xf6, 0x03, 0x04, 0x2a,
0xe4, 0x17, 0x00, 0xb9, 0xe4, 0x03, 0x13, 0x2a, 0xf0, 0x01, 0x09, 0x0b, 0x29, 0x01, 0x2a, 0x0a,
0xcf, 0x01, 0x0a, 0x0a, 0xe9, 0x01, 0x09, 0x2a, 0x08, 0x01, 0x09, 0x0b, 0x69, 0x01, 0x0d, 0x2a,
0x29, 0x01, 0x0c, 0x0a, 0x6f, 0x01, 0x0d, 0x0a, 0x29, 0x01, 0x0f, 0x2a, 0x4f, 0x19, 0x8a, 0x13,
0xef, 0x2d, 0xca, 0x4a, 0xef, 0x65, 0xca, 0x4a, 0x08, 0x01, 0x0f, 0x0b, 0x6f, 0x09, 0x8b, 0x13,
0xef, 0x35, 0xcb, 0x4a, 0xef, 0x59, 0xcb, 0x4a, 0xe9, 0x01, 0x09, 0x0b, 0xcf, 0xb7, 0x90, 0x52,
0x2f, 0x86, 0xa4, 0x72, 0x0f, 0x01, 0x0f, 0x0b, 0x48, 0x1f, 0x9a, 0x13, 0x08, 0x49, 0xda, 0x4a,
0xf3, 0x9b, 0x40, 0xb9, 0x08, 0x0d, 0x5a, 0x4a, 0xa0, 0x47, 0x9d, 0x13, 0x08, 0x01, 0x15, 0x0b,
0x00, 0x4c, 0xdd, 0x4a, 0x08, 0x01, 0x05, 0x0b, 0x00, 0x28, 0x5d, 0x4a, 0x19, 0x01, 0x00, 0x0b,
0x68, 0x1e, 0x93, 0x13, 0x08, 0x49, 0xd3, 0x4a, 0x08, 0x0d, 0x53, 0x4a, 0x80, 0x47, 0x9c, 0x13,
0x08, 0x01, 0x1a, 0x0b, 0x00, 0x4c, 0xdc, 0x4a, 0x08, 0x01, 0x16, 0x0b, 0x00, 0x28, 0x5c, 0x4a,
0xf8, 0x67, 0x00, 0xb9, 0x18, 0x01, 0x00, 0x0b, 0xe8, 0x01, 0x11, 0x0b, 0x2f, 0x01, 0x0f, 0x0b,
0xe9, 0x8b, 0x40, 0xb9, 0xfa, 0x53, 0x00, 0xb9, 0xfa, 0x93, 0x40, 0xb9, 0x31, 0x47, 0x99, 0x13,
0x25, 0x01, 0x0e, 0x0b, 0xc9, 0x01, 0x28, 0x0a, 0x4e, 0x01, 0x08, 0x0a, 0xc9, 0x01, 0x09, 0x2a,
0xee, 0x01, 0x0b, 0x2a, 0x09, 0x02, 0x09, 0x0b, 0xce, 0x01, 0x0d, 0x0a, 0xf0, 0x01, 0x0b, 0x0a,
0xce, 0x01, 0x10, 0x2a, 0x50, 0x1f, 0x9a, 0x13, 0x10, 0x4a, 0xda, 0x4a, 0x10, 0x0e, 0x5a, 0x4a,
0x10, 0x02, 0x13, 0x0b, 0x31, 0x4e, 0xd9, 0x4a, 0x10, 0x02, 0x03, 0x0b, 0x31, 0x2a, 0x59, 0x4a,
0x16, 0x02, 0x11, 0x0b, 0x31, 0x1c, 0x81, 0x13, 0x31, 0x4a, 0xc1, 0x4a, 0xf3, 0x03, 0x03, 0x2a,
0x31, 0x0e, 0x41, 0x4a, 0x03, 0x47, 0x98, 0x13, 0x31, 0x02, 0x1a, 0x0b, 0x63, 0x4c, 0xd8, 0x4a,
0x31, 0x02, 0x1e, 0x0b, 0x63, 0x28, 0x58, 0x4a, 0x35, 0x02, 0x03, 0x0b, 0x03, 0x19, 0x88, 0x13,
0x63, 0x2c, 0xc8, 0x4a, 0x63, 0x64, 0xc8, 0x4a, 0x29, 0x01, 0x03, 0x0b, 0xe3, 0x09, 0x8f, 0x13,
0x63, 0x34, 0xcf, 0x4a, 0x63, 0x58, 0xcf, 0x4a, 0x6e, 0x00, 0x0e, 0x0b, 0x63, 0xb8, 0x8f, 0x52,
0x83, 0xa1, 0xaa, 0x72, 0x23, 0x01, 0x03, 0x0b, 0x69, 0x00, 0x0c, 0x0b, 0x8c, 0x1e, 0x94, 0x13,
0x8c, 0x49, 0xd4, 0x4a, 0xce, 0x01, 0x03, 0x0b, 0x8c, 0x0d, 0x54, 0x4a, 0xc3, 0x46, 0x96, 0x13,
0x8c, 0x01, 0x01, 0x0b, 0x63, 0x4c, 0xd6, 0x4a, 0x8c, 0x01, 0x06, 0x0b, 0x63, 0x28, 0x56, 0x4a,
0x9a, 0x01, 0x03, 0x0b, 0xec, 0x1e, 0x97, 0x13, 0x8c, 0x49, 0xd7, 0x4a, 0x8c, 0x0d, 0x57, 0x4a,
0xa3, 0x46, 0x95, 0x13, 0x8c, 0x01, 0x14, 0x0b, 0x63, 0x4c, 0xd5, 0x4a, 0x8c, 0x01, 0x1d, 0x0b,
0x63, 0x28, 0x55, 0x4a, 0x90, 0x01, 0x03, 0x0b, 0xec, 0x33, 0x40, 0xb9, 0x03, 0x01, 0x09, 0x0a,
0xf7, 0x53, 0x08, 0x29, 0xe7, 0x8f, 0x40, 0xb9, 0x8c, 0x01, 0x0a, 0x0b, 0x4a, 0x01, 0x29, 0x0a,
0x6a, 0x00, 0x0a, 0x2a, 0xc3, 0x01, 0x0f, 0x2a, 0xaa, 0x00, 0x0a, 0x0b, 0x63, 0x00, 0x0b, 0x0a,
0xc5, 0x01, 0x0f, 0x0a, 0x63, 0x00, 0x05, 0x2a, 0x25, 0x19, 0x89, 0x13, 0xa5, 0x2c, 0xc9, 0x4a,
0xa5, 0x64, 0xc9, 0x4a, 0x4a, 0x01, 0x05, 0x0b, 0xc5, 0x09, 0x8e, 0x13, 0xa5, 0x34, 0xce, 0x4a,
0xa5, 0x58, 0xce, 0x4a, 0xa3, 0x00, 0x03, 0x0b, 0x85, 0xae, 0x8b, 0x52, 0xc5, 0x57, 0xae, 0x72,
0x45, 0x01, 0x05, 0x0b, 0x4a, 0x1c, 0x82, 0x13, 0x4a, 0x49, 0xc2, 0x4a, 0x4a, 0x0d, 0x42, 0x4a,
0x4a, 0x01, 0x17, 0x0b, 0x57, 0x47, 0x9a, 0x13, 0xf7, 0x4e, 0xda, 0x4a, 0x4a, 0x01, 0x1c, 0x0b,
0xf7, 0x2a, 0x5a, 0x4a, 0x51, 0x01, 0x17, 0x0b, 0x8a, 0x1c, 0x84, 0x13, 0x4a, 0x49, 0xc4, 0x4a,
0x4a, 0x0d, 0x44, 0x4a, 0x17, 0x46, 0x90, 0x13, 0x4a, 0x01, 0x02, 0x0b, 0xf7, 0x4e, 0xd0, 0x4a,
0x4a, 0x01, 0x19, 0x0b, 0xf7, 0x2a, 0x50, 0x4a, 0x40, 0x01, 0x17, 0x0b, 0xaa, 0x00, 0x0d, 0x0b,
0xed, 0x37, 0x40, 0xb9, 0x65, 0x00, 0x05, 0x0b, 0x23, 0x01, 0x0a, 0x0a, 0xfb, 0x57, 0x00, 0xb9,
0xad, 0x01, 0x08, 0x0b, 0x08, 0x01, 0x2a, 0x0a, 0x68, 0x00, 0x08, 0x2a, 0x88, 0x01, 0x08, 0x0b,
0xac, 0x00, 0x0e, 0x2a, 0x8c, 0x01, 0x0f, 0x0a, 0xa3, 0x00, 0x0e, 0x0a, 0x8c, 0x01, 0x03, 0x2a,
0xe3, 0x1c, 0x87, 0x13, 0x63, 0x48, 0xc7, 0x4a, 0xfb, 0x17, 0x40, 0xb9, 0x63, 0x0c, 0x47, 0x4a,
0x37, 0x46, 0x91, 0x13, 0x63, 0x00, 0x04, 0x0b, 0xf7, 0x4e, 0xd1, 0x4a, 0x63, 0x00, 0x18, 0x0b,
0xf7, 0x2a, 0x51, 0x4a, 0xe4, 0x0b, 0x07, 0x29, 0x64, 0x00, 0x17, 0x0b, 0x63, 0x1f, 0x9b, 0x13,
0x63, 0x48, 0xdb, 0x4a, 0x63, 0x0c, 0x5b, 0x4a, 0x17, 0x44, 0x80, 0x13, 0x63, 0x00, 0x07, 0x0b,
0xf7, 0x4e, 0xc0, 0x4a, 0x63, 0x00, 0x16, 0x0b, 0xf7, 0x2a, 0x40, 0x4a, 0x62, 0x00, 0x17, 0x0b,
0x43, 0x19, 0x8a, 0x13, 0x63, 0x2c, 0xca, 0x4a, 0x63, 0x64, 0xca, 0x4a, 0x08, 0x01, 0x03, 0x0b,
0xa3, 0x08, 0x85, 0x13, 0x63, 0x34, 0xc5, 0x4a, 0x63, 0x58, 0xc5, 0x4a, 0x63, 0x00, 0x0c, 0x0b,
0xcc, 0x3f, 0x96, 0x52, 0xcc, 0x1b, 0xb0, 0x72, 0x08, 0x01, 0x0c, 0x0b, 0x0c, 0x01, 0x0b, 0x0b,
0x6b, 0x00, 0x08, 0x0b, 0x68, 0x1e, 0x93, 0x13, 0x08, 0x49, 0xd3, 0x4a, 0x08, 0x0d, 0x53, 0x4a,
0x83, 0x44, 0x84, 0x13, 0x08, 0x01, 0x1b, 0x0b, 0x63, 0x4c, 0xc4, 0x4a, 0x08, 0x01, 0x15, 0x0b,
0x63, 0x28, 0x44, 0x4a, 0x14, 0x01, 0x03, 0x0b, 0xc8, 0x1f, 0x9e, 0x13, 0x08, 0x49, 0xde, 0x4a,
0x08, 0x0d, 0x5e, 0x4a, 0x43, 0x44, 0x82, 0x13, 0x08, 0x01, 0x13, 0x0b, 0x63, 0x4c, 0xc2, 0x4a,
0x08, 0x01, 0x1a, 0x0b, 0x63, 0x28, 0x42, 0x4a, 0xe1, 0x4b, 0x00, 0xb9, 0x01, 0x01, 0x03, 0x0b,
0xe8, 0x97, 0x40, 0xb9, 0x97, 0x46, 0x94, 0x13, 0xf7, 0x4e, 0xd4, 0x4a, 0xf7, 0x2a, 0x54, 0x4a,
0x03, 0x01, 0x09, 0x0b, 0x28, 0x01, 0x2c, 0x0a, 0x49, 0x01, 0x0c, 0x0a, 0x28, 0x01, 0x08, 0x2a,
0x69, 0x01, 0x05, 0x2a, 0xa8, 0x01, 0x08, 0x0b, 0x29, 0x01, 0x0e, 0x0a, 0x6d, 0x01, 0x05, 0x0a,
0x29, 0x01, 0x0d, 0x2a, 0x8d, 0x19, 0x8c, 0x13, 0xad, 0x2d, 0xcc, 0x4a, 0xad, 0x65, 0xcc, 0x4a,
0x08, 0x01, 0x0d, 0x0b, 0x6d, 0x09, 0x8b, 0x13, 0xad, 0x35, 0xcb, 0x4a, 0xad, 0x59, 0xcb, 0x4a,
0xa9, 0x01, 0x09, 0x0b, 0xed, 0xd4, 0x80, 0x52, 0x8d, 0x7b, 0xb3, 0x72, 0x0d, 0x01, 0x0d, 0x0b,
0xc8, 0x1c, 0x86, 0x13, 0x08, 0x49, 0xc6, 0x4a, 0x08, 0x0d, 0x46, 0x4a, 0x08, 0x01, 0x1e, 0x0b,
0x08, 0x01, 0x10, 0x0b, 0xf0, 0x8b, 0x00, 0xb9, 0x10, 0x01, 0x17, 0x0b, 0xb7, 0x1f, 0x9d, 0x13,
0xf7, 0x4a, 0xdd, 0x4a, 0xf7, 0x0e, 0x5d, 0x4a, 0x28, 0x44, 0x81, 0x13, 0xf7, 0x02, 0x06, 0x0b,
0x08, 0x4d, 0xc1, 0x4a, 0xf7, 0x02, 0x11, 0x0b, 0x08, 0x29, 0x41, 0x4a, 0xe0, 0xc7, 0x05, 0x29,
0xf1, 0x02, 0x08, 0x0b, 0xe8, 0x4f, 0x40, 0xb9, 0xaf, 0x01, 0x0f, 0x0b, 0x2d, 0x01, 0x0d, 0x0b,
0xb2, 0x01, 0x0b, 0x0a, 0x09, 0x01, 0x0a, 0x0b, 0x48, 0x01, 0x2f, 0x0a, 0x8a, 0x01, 0x0f, 0x0a,
0x48, 0x01, 0x08, 0x2a, 0xaa, 0x01, 0x0b, 0x2a, 0x4a, 0x01, 0x05, 0x0a, 0x4a, 0x01, 0x12, 0x2a,
0x92, 0x1f, 0x9c, 0x13, 0x52, 0x4a, 0xdc, 0x4a, 0x68, 0x00, 0x08, 0x0b, 0x52, 0x0e, 0x5c, 0x4a,
0x03, 0x46, 0x90, 0x13, 0x52, 0x02, 0x1d, 0x0b, 0x63, 0x4c, 0xd0, 0x4a, 0x52, 0x02, 0x00, 0x0b,
0x63, 0x28, 0x50, 0x4a, 0x40, 0x02, 0x03, 0x0b, 0x32, 0x1f, 0x99, 0x13, 0x52, 0x4a, 0xd9, 0x4a,
0x52, 0x0e, 0x59, 0x4a, 0x23, 0x46, 0x91, 0x13, 0x52, 0x02, 0x1c, 0x0b, 0x63, 0x4c, 0xd1, 0x4a,
0x52, 0x02, 0x04, 0x0b, 0x63, 0x28, 0x51, 0x4a, 0xf1, 0x97, 0x00, 0xb9, 0x51, 0x02, 0x03, 0x0b,
0xf2, 0x19, 0x8f, 0x13, 0x52, 0x2e, 0xcf, 0x4a, 0x52, 0x66, 0xcf, 0x4a, 0x08, 0x01, 0x12, 0x0b,
0xb2, 0x09, 0x8d, 0x13, 0x52, 0x36, 0xcd, 0x4a, 0x52, 0x5a, 0xcd, 0x4a, 0x4a, 0x02, 0x0a, 0x0b,
0x92, 0x2e, 0x9e, 0x52, 0x72, 0x33, 0xb8, 0x72, 0x08, 0x01, 0x12, 0x0b, 0x12, 0x01, 0x0e, 0x0b,
0x4e, 0x01, 0x08, 0x0b, 0x08, 0x1f, 0x98, 0x13, 0x08, 0x49, 0xd8, 0x4a, 0x08, 0x0d, 0x58, 0x4a,
0x0a, 0x44, 0x80, 0x13, 0x08, 0x01, 0x19, 0x0b, 0x4a, 0x4d, 0xc0, 0x4a, 0x08, 0x01, 0x02, 0x0b,
0x4a, 0x29, 0x40, 0x4a, 0xe0, 0x4f, 0x00, 0xb9, 0x00, 0x01, 0x0a, 0x0b, 0xc8, 0x1e, 0x96, 0x13,
0x08, 0x49, 0xd6, 0x4a, 0x08, 0x0d, 0x56, 0x4a, 0x2a, 0x46, 0x91, 0x13, 0x08, 0x01, 0x18, 0x0b,
0x4a, 0x4d, 0xd1, 0x4a, 0x08, 0x01, 0x14, 0x0b, 0x4a, 0x29, 0x51, 0x4a, 0x0a, 0x01, 0x0a, 0x0b,
0xe8, 0x6b, 0x40, 0xb9, 0xe3, 0x01, 0x12, 0x0a, 0xe1, 0x53, 0x03, 0x29, 0x14, 0x44, 0x80, 0x13,
0x08, 0x01, 0x0c, 0x0b, 0x8c, 0x01, 0x32, 0x0a, 0x6c, 0x00, 0x0c, 0x2a, 0x29, 0x01, 0x0c, 0x0b,
0xcc, 0x01, 0x0d, 0x2a, 0x8c, 0x01, 0x0b, 0x0a, 0xc3, 0x01, 0x0d, 0x0a, 0x8c, 0x01, 0x03, 0x2a,
0x43, 0x1a, 0x92, 0x13, 0x63, 0x2c, 0xd2, 0x4a, 0x63, 0x64, 0xd2, 0x4a, 0x29, 0x01, 0x03, 0x0b,
0xc3, 0x09, 0x8e, 0x13, 0x63, 0x34, 0xce, 0x4a, 0x63, 0x58, 0xce, 0x4a, 0x6c, 0x00, 0x0c, 0x0b,
0x23, 0x38, 0x8d, 0x52, 0x63, 0x93, 0xbc, 0x72, 0x23, 0x01, 0x03, 0x0b, 0xa9, 0x1e, 0x95, 0x13,
0x29, 0x49, 0xd5, 0x4a, 0x29, 0x0d, 0x55, 0x4a, 0xc9, 0x02, 0x09, 0x0b, 0x94, 0x4e, 0xc0, 0x4a,
0x29, 0x01, 0x01, 0x0b, 0x94, 0x2a, 0x40, 0x4a, 0x29, 0x01, 0x14, 0x0b, 0xe9, 0x6b, 0x00, 0xb9,
0x49, 0x1f, 0x9a, 0x13, 0x29, 0x49, 0xda, 0x4a, 0x65, 0x00, 0x05, 0x0b, 0x8c, 0x01, 0x03, 0x0b,
0xe3, 0x7b, 0x40, 0xb9, 0x29, 0x0d, 0x5a, 0x4a, 0x54, 0x45, 0x8a, 0x13, 0xa9, 0x02, 0x09, 0x0b,
0x94, 0x4e, 0xca, 0x4a, 0x29, 0x01, 0x10, 0x0b, 0x94, 0x2a, 0x4a, 0x4a, 0x29, 0x01, 0x14, 0x0b,
0x63, 0x00, 0x0f, 0x0b, 0xef, 0x01, 0x25, 0x0a, 0x54, 0x02, 0x05, 0x0a, 0x8f, 0x02, 0x0f, 0x2a,
0x08, 0x01, 0x0f, 0x0b, 0x8f, 0x01, 0x0e, 0x2a, 0xef, 0x01, 0x0d, 0x0a, 0x94, 0x01, 0x0e, 0x0a,
0xef, 0x01, 0x14, 0x2a, 0xb4, 0x18, 0x85, 0x13, 0x94, 0x2e, 0xc5, 0x4a, 0x94, 0x66, 0xc5, 0x4a,
0x08, 0x01, 0x14, 0x0b, 0x94, 0x09, 0x8c, 0x13, 0x94, 0x36, 0xcc, 0x4a, 0x94, 0x5a, 0xcc, 0x4a,
0x8f, 0x02, 0x0f, 0x0b, 0xd4, 0xf0, 0x88, 0x52, 0xd4, 0xf7, 0xbd, 0x72, 0x08, 0x01, 0x14, 0x0b,
0x0b, 0x01, 0x0b, 0x0b, 0xe8, 0x01, 0x08, 0x0b, 0xef, 0x77, 0x40, 0xb9, 0xb4, 0x00, 0x0b, 0x0a,
0xf7, 0x03, 0x10, 0x2a, 0xf0, 0x9f, 0x40, 0xb9, 0xef, 0x01, 0x12, 0x0b, 0x52, 0x02, 0x2b, 0x0a,
0x92, 0x02, 0x12, 0x2a, 0x72, 0x00, 0x12, 0x0b, 0x03, 0x01, 0x0c, 0x2a, 0x63, 0x00, 0x0e, 0x0a,
0x14, 0x01, 0x0c, 0x0a, 0x63, 0x00, 0x14, 0x2a, 0x74, 0x19, 0x8b, 0x13, 0x94, 0x2e, 0xcb, 0x4a,
0x94, 0x66, 0xcb, 0x4a, 0x52, 0x02, 0x14, 0x0b, 0x14, 0x09, 0x88, 0x13, 0x94, 0x36, 0xc8, 0x4a,
0x94, 0x5a, 0xc8, 0x4a, 0x83, 0x02, 0x03, 0x0b, 0xd4, 0xb8, 0x93, 0x52, 0x34, 0xf8, 0xa1, 0x72,
0x52, 0x02, 0x14, 0x0b, 0x4d, 0x02, 0x0d, 0x0b, 0x72, 0x00, 0x12, 0x0b, 0xe3, 0x73, 0x40, 0xb9,
0x74, 0x01, 0x0d, 0x0a, 0xe4, 0x2b, 0x00, 0xb9, 0xe2, 0x23, 0x00, 0xb9, 0x63, 0x00, 0x05, 0x0b,
0xa5, 0x00, 0x2d, 0x0a, 0x85, 0x02, 0x05, 0x2a, 0xef, 0x01, 0x05, 0x0b, 0x45, 0x02, 0x08, 0x2a,
0xa5, 0x00, 0x0c, 0x0a, 0x54, 0x02, 0x08, 0x0a, 0xa5, 0x00, 0x14, 0x2a, 0xb4, 0x19, 0x8d, 0x13,
0x94, 0x2e, 0xcd, 0x4a, 0x94, 0x66, 0xcd, 0x4a, 0xef, 0x01, 0x14, 0x0b, 0x54, 0x0a, 0x92, 0x13,
0x94, 0x36, 0xd2, 0x4a, 0x94, 0x5a, 0xd2, 0x4a, 0x85, 0x02, 0x05, 0x0b, 0x94, 0x39, 0x94, 0x52,
0x94, 0x81, 0xa4, 0x72, 0xef, 0x01, 0x14, 0x0b, 0xee, 0x01, 0x0e, 0x0b, 0xaf, 0x00, 0x0f, 0x0b,
0xe5, 0x6f, 0x40, 0xb9, 0xb4, 0x01, 0x0e, 0x0a, 0xe0, 0x27, 0x00, 0xb9, 0xf1, 0x37, 0x00, 0xb9,
0xa5, 0x00, 0x0b, 0x0b, 0x6b, 0x01, 0x2e, 0x0a, 0x8b, 0x02, 0x0b, 0x2a, 0x6b, 0x00, 0x0b, 0x0b,
0xe3, 0x01, 0x12, 0x2a, 0x63, 0x00, 0x08, 0x0a, 0xf4, 0x01, 0x12, 0x0a, 0x63, 0x00, 0x14, 0x2a,
0xd4, 0x19, 0x8e, 0x13, 0x94, 0x2e, 0xce, 0x4a, 0x94, 0x66, 0xce, 0x4a, 0x6b, 0x01, 0x14, 0x0b,
0xf4, 0x09, 0x8f, 0x13, 0x94, 0x36, 0xcf, 0x4a, 0x94, 0x5a, 0xcf, 0x4a, 0x83, 0x02, 0x03, 0x0b,
0xf4, 0x8d, 0x85, 0x52, 0x34, 0xbd, 0xa5, 0x72, 0x6b, 0x01, 0x14, 0x0b, 0x6c, 0x01, 0x0c, 0x0b,
0x6b, 0x00, 0x0b, 0x0b, 0xe3, 0x67, 0x40, 0xb9, 0xd4, 0x01, 0x0c, 0x0a, 0x63, 0x00, 0x0d, 0x0b,
0xad, 0x01, 0x2c, 0x0a, 0x8d, 0x02, 0x0d, 0x2a, 0xad, 0x00, 0x0d, 0x0b, 0x65, 0x01, 0x0f, 0x2a,
0xa5, 0x00, 0x12, 0x0a, 0x74, 0x01, 0x0f, 0x0a, 0xa5, 0x00, 0x14, 0x2a, 0x94, 0x19, 0x8c, 0x13,
0x94, 0x2e, 0xcc, 0x4a, 0x94, 0x66, 0xcc, 0x4a, 0xad, 0x01, 0x14, 0x0b, 0x74, 0x09, 0x8b, 0x13,
0x94, 0x36, 0xcb, 0x4a, 0x94, 0x5a, 0xcb, 0x4a, 0x85, 0x02, 0x05, 0x0b, 0x54, 0x95, 0x90, 0x52,
0x94, 0x4e, 0xa9, 0x72, 0xad, 0x01, 0x14, 0x0b, 0xa8, 0x01, 0x08, 0x0b, 0xad, 0x00, 0x0d, 0x0b,
0xe5, 0xa3, 0x40, 0xb9, 0x94, 0x01, 0x08, 0x0a, 0xa5, 0x00, 0x0e, 0x0b, 0xce, 0x01, 0x28, 0x0a,
0x8e, 0x02, 0x0e, 0x2a, 0x6e, 0x00, 0x0e, 0x0b, 0xa3, 0x01, 0x0b, 0x2a, 0x63, 0x00, 0x0f, 0x0a,
0xb4, 0x01, 0x0b, 0x0a, 0x63, 0x00, 0x14, 0x2a, 0x14, 0x19, 0x88, 0x13, 0x94, 0x2e, 0xc8, 0x4a,
0x94, 0x66, 0xc8, 0x4a, 0xce, 0x01, 0x14, 0x0b, 0xb4, 0x09, 0x8d, 0x13, 0x94, 0x36, 0xcd, 0x4a,
0x94, 0x5a, 0xcd, 0x4a, 0x83, 0x02, 0x03, 0x0b, 0x94, 0x3b, 0x95, 0x52, 0x14, 0x96, 0xab, 0x72,
0xce, 0x01, 0x14, 0x0b, 0xd2, 0x01, 0x12, 0x0b, 0x6e, 0x00, 0x0e, 0x0b, 0xe3, 0x63, 0x40, 0xb9,
0x14, 0x01, 0x12, 0x0a, 0x63, 0x00, 0x0c, 0x0b, 0x8c, 0x01, 0x32, 0x0a, 0x8c, 0x02, 0x0c, 0x2a,
0xac, 0x00, 0x0c, 0x0b, 0xc5, 0x01, 0x0d, 0x2a, 0xa5, 0x00, 0x0b, 0x0a, 0xd4, 0x01, 0x0d, 0x0a,
0xa5, 0x00, 0x14, 0x2a, 0x54, 0x1a, 0x92, 0x13, 0x94, 0x2e, 0xd2, 0x4a, 0x94, 0x66, 0xd2, 0x4a,
0x8c, 0x01, 0x14, 0x0b, 0xd4, 0x09, 0x8e, 0x13, 0x94, 0x36, 0xce, 0x4a, 0x94, 0x5a, 0xce, 0x4a,
0x85, 0x02, 0x05, 0x0b, 0x54, 0x1b, 0x91, 0x52, 0x34, 0xdf, 0xae, 0x72, 0x8c, 0x01, 0x14, 0x0b,
0x8f, 0x01, 0x0f, 0x0b, 0xac, 0x00, 0x0c, 0x0b, 0xe5, 0x5f, 0x40, 0xb9, 0x54, 0x02, 0x0f, 0x0a,
0xa5, 0x00, 0x08, 0x0b, 0x08, 0x01, 0x2f, 0x0a, 0x88, 0x02, 0x08, 0x2a, 0x68, 0x00, 0x08, 0x0b,
0x83, 0x01, 0x0e, 0x2a, 0x63, 0x00, 0x0d, 0x0a, 0x94, 0x01, 0x0e, 0x0a, 0x63, 0x00, 0x14, 0x2a,
0xf4, 0x19, 0x8f, 0x13, 0x94, 0x2e, 0xcf, 0x4a, 0x94, 0x66, 0xcf, 0x4a, 0x08, 0x01, 0x14, 0x0b,
0x94, 0x09, 0x8c, 0x13, 0x94, 0x36, 0xcc, 0x4a, 0x94, 0x5a, 0xcc, 0x4a, 0x83, 0x02, 0x03, 0x0b,
0x54, 0x2a, 0x8a, 0x52, 0xd4, 0x07, 0xb3, 0x72, 0x08, 0x01, 0x14, 0x0b, 0x0b, 0x01, 0x0b, 0x0b,
0x68, 0x00, 0x08, 0x0b, 0xe3, 0x5b, 0x40, 0xb9, 0xf4, 0x01, 0x0b, 0x0a, 0x63, 0x00, 0x12, 0x0b,
0x52, 0x02, 0x2b, 0x0a, 0x92, 0x02, 0x12, 0x2a, 0xb2, 0x00, 0x12, 0x0b, 0x05, 0x01, 0x0c, 0x2a,
0xa5, 0x00, 0x0e, 0x0a, 0x14, 0x01, 0x0c, 0x0a, 0xa5, 0x00, 0x14, 0x2a, 0x74, 0x19, 0x8b, 0x13,
0x94, 0x2e, 0xcb, 0x4a, 0x94, 0x66, 0xcb, 0x4a, 0x52, 0x02, 0x14, 0x0b, 0x14, 0x09, 0x88, 0x13,
0x94, 0x36, 0xc8, 0x4a, 0x94, 0x5a, 0xc8, 0x4a, 0x85, 0x02, 0x05, 0x0b, 0xb4, 0xcd, 0x98, 0x52,
0x34, 0x06, 0xb5, 0x72, 0x52, 0x02, 0x14, 0x0b, 0x4d, 0x02, 0x0d, 0x0b, 0xb2, 0x00, 0x12, 0x0b,
0xe5, 0x57, 0x40, 0xb9, 0x74, 0x01, 0x0d, 0x0a, 0xa5, 0x00, 0x0f, 0x0b, 0xef, 0x01, 0x2d, 0x0a,
0x8f, 0x02, 0x0f, 0x2a, 0x6f, 0x00, 0x0f, 0x0b, 0x43, 0x02, 0x08, 0x2a, 0x63, 0x00, 0x0c, 0x0a,
0x54, 0x02, 0x08, 0x0a, 0x63, 0x00, 0x14, 0x2a, 0xb4, 0x19, 0x8d, 0x13, 0x94, 0x2e, 0xcd, 0x4a,
0x94, 0x66, 0xcd, 0x4a, 0xef, 0x01, 0x14, 0x0b, 0x54, 0x0a, 0x92, 0x13, 0x94, 0x36, 0xd2, 0x4a,
0x94, 0x5a, 0xd2, 0x4a, 0x83, 0x02, 0x03, 0x0b, 0x14, 0xf9, 0x84, 0x52, 0x74, 0x00, 0xb6, 0x72,
0xef, 0x01, 0x14, 0x0b, 0xee, 0x01, 0x0e, 0x0b, 0x6f, 0x00, 0x0f, 0x0b, 0x03, 0x02, 0x0b, 0x0b,
0x6b, 0x01, 0x2e, 0x0a, 0xb4, 0x01, 0x0e, 0x0a, 0x8b, 0x02, 0x0b, 0x2a, 0xab, 0x00, 0x0b, 0x0b,
0xe5, 0x01, 0x12, 0x2a, 0xa5, 0x00, 0x08, 0x0a, 0xf4, 0x01, 0x12, 0x0a, 0xa5, 0x00, 0x14, 0x2a,
0xd4, 0x19, 0x8e, 0x13, 0x94, 0x2e, 0xce, 0x4a, 0x94, 0x66, 0xce, 0x4a, 0x6b, 0x01, 0x14, 0x0b,
0xf4, 0x09, 0x8f, 0x13, 0x94, 0x36, 0xcf, 0x4a, 0x94, 0x5a, 0xcf, 0x4a, 0x85, 0x02, 0x05, 0x0b,
0xf4, 0xf8, 0x8f, 0x52, 0xf0, 0x53, 0x40, 0xb9, 0x34, 0xeb, 0xb7, 0x72, 0x6b, 0x01, 0x14, 0x0b,
0x6c, 0x01, 0x0c, 0x0b, 0xab, 0x00, 0x0b, 0x0b, 0x05, 0x02, 0x0d, 0x0b, 0xad, 0x01, 0x2c, 0x0a,
0xd4, 0x01, 0x0c, 0x0a, 0x8d, 0x02, 0x0d, 0x2a, 0x6d, 0x00, 0x0d, 0x0b, 0x63, 0x01, 0x0f, 0x2a,
0x63, 0x00, 0x12, 0x0a, 0x74, 0x01, 0x0f, 0x0a, 0x63, 0x00, 0x14, 0x2a, 0x94, 0x19, 0x8c, 0x13,
0x94, 0x2e, 0xcc, 0x4a, 0x94, 0x66, 0xcc, 0x4a, 0xad, 0x01, 0x14, 0x0b, 0x74, 0x09, 0x8b, 0x13,
0x94, 0x36, 0xcb, 0x4a, 0x94, 0x5a, 0xcb, 0x4a, 0x83, 0x02, 0x03, 0x0b, 0x74, 0x7e, 0x81, 0x52,
0xf0, 0x9b, 0x40, 0xb9, 0x14, 0xdc, 0xb8, 0x72, 0xad, 0x01, 0x14, 0x0b, 0xa8, 0x01, 0x08, 0x0b,
0x6d, 0x00, 0x0d, 0x0b, 0x03, 0x02, 0x0e, 0x0b, 0xce, 0x01, 0x28, 0x0a, 0x94, 0x01, 0x08, 0x0a,
0x8e, 0x02, 0x0e, 0x2a, 0xae, 0x00, 0x0e, 0x0b, 0xa5, 0x01, 0x0b, 0x2a, 0xa5, 0x00, 0x0f, 0x0a,
0xb4, 0x01, 0x0b, 0x0a, 0xa5, 0x00, 0x14, 0x2a, 0x14, 0x19, 0x88, 0x13, 0x94, 0x2e, 0xc8, 0x4a,
0x94, 0x66, 0xc8, 0x4a, 0xce, 0x01, 0x14, 0x0b, 0xb4, 0x09, 0x8d, 0x13, 0x94, 0x36, 0xcd, 0x4a,
0x94, 0x5a, 0xcd, 0x4a, 0x85, 0x02, 0x05, 0x0b, 0xf4, 0x28, 0x92, 0x52, 0xf0, 0x93, 0x40, 0xb9,
0xf4, 0xb4, 0xba, 0x72, 0xce, 0x01, 0x14, 0x0b, 0xd2, 0x01, 0x12, 0x0b, 0xae, 0x00, 0x0e, 0x0b,
0x05, 0x02, 0x0c, 0x0b, 0x8c, 0x01, 0x32, 0x0a, 0x14, 0x01, 0x12, 0x0a, 0x8c, 0x02, 0x0c, 0x2a,
0x6c, 0x00, 0x0c, 0x0b, 0xc3, 0x01, 0x0d, 0x2a, 0x63, 0x00, 0x0b, 0x0a, 0xd4, 0x01, 0x0d, 0x0a,
0x63, 0x00, 0x14, 0x2a, 0x54, 0x1a, 0x92, 0x13, 0x94, 0x2e, 0xd2, 0x4a, 0x94, 0x66, 0xd2, 0x4a,
0x8c, 0x01, 0x14, 0x0b, 0xd4, 0x09, 0x8e, 0x13, 0x94, 0x36, 0xce, 0x4a, 0x94, 0x5a, 0xce, 0x4a,
0x83, 0x02, 0x03, 0x0b, 0x34, 0x6a, 0x8c, 0x52, 0xf0, 0x4b, 0x40, 0xb9, 0x54, 0xd9, 0xa0, 0x72,
0x8c, 0x01, 0x14, 0x0b, 0x8f, 0x01, 0x0f, 0x0b, 0x6c, 0x00, 0x0c, 0x0b, 0x03, 0x02, 0x08, 0x0b,
0x08, 0x01, 0x2f, 0x0a, 0x54, 0x02, 0x0f, 0x0a, 0x88, 0x02, 0x08, 0x2a, 0xa8, 0x00, 0x08, 0x0b,
0x85, 0x01, 0x0e, 0x2a, 0xa5, 0x00, 0x0d, 0x0a, 0x94, 0x01, 0x0e, 0x0a, 0xa5, 0x00, 0x14, 0x2a,
0xf4, 0x19, 0x8f, 0x13, 0x94, 0x2e, 0xcf, 0x4a, 0x94, 0x66, 0xcf, 0x4a, 0x08, 0x01, 0x14, 0x0b,
0x94, 0x09, 0x8c, 0x13, 0x94, 0x36, 0xcc, 0x4a, 0x94, 0x5a, 0xcc, 0x4a, 0x85, 0x02, 0x05, 0x0b,
0xf4, 0x2c, 0x85, 0x52, 0xf0, 0x47, 0x40, 0xb9, 0x34, 0x85, 0xa2, 0x72, 0x08, 0x01, 0x14, 0x0b,
0x0b, 0x01, 0x0b, 0x0b, 0xa8, 0x00, 0x08, 0x0b, 0x05, 0x02, 0x12, 0x0b, 0x52, 0x02, 0x2b, 0x0a,
0xf4, 0x01, 0x0b, 0x0a, 0x92, 0x02, 0x12, 0x2a, 0x72, 0x00, 0x12, 0x0b, 0x03, 0x01, 0x0c, 0x2a,
0x63, 0x00, 0x0e, 0x0a, 0x14, 0x01, 0x0c, 0x0a, 0x63, 0x00, 0x14, 0x2a, 0x74, 0x19, 0x8b, 0x13,
0x94, 0x2e, 0xcb, 0x4a, 0x94, 0x66, 0xcb, 0x4a, 0x52, 0x02, 0x14, 0x0b, 0x14, 0x09, 0x88, 0x13,
0x94, 0x36, 0xc8, 0x4a, 0x94, 0x5a, 0xc8, 0x4a, 0x83, 0x02, 0x03, 0x0b, 0xb4, 0x50, 0x81, 0x52,
0xf0, 0x43, 0x40, 0xb9, 0xf4, 0xf6, 0xa4, 0x72, 0x52, 0x02, 0x14, 0x0b, 0x4d, 0x02, 0x0d, 0x0b,
0x72, 0x00, 0x12, 0x0b, 0x03, 0x02, 0x0f, 0x0b, 0xef, 0x01, 0x2d, 0x0a, 0x74, 0x01, 0x0d, 0x0a,
0x8f, 0x02, 0x0f, 0x2a, 0xaf, 0x00, 0x0f, 0x0b, 0x45, 0x02, 0x08, 0x2a, 0xa5, 0x00, 0x0c, 0x0a,
0x54, 0x02, 0x08, 0x0a, 0xa5, 0x00, 0x14, 0x2a, 0xb4, 0x19, 0x8d, 0x13, 0x94, 0x2e, 0xcd, 0x4a,
0x94, 0x66, 0xcd, 0x4a, 0xef, 0x01, 0x14, 0x0b, 0x54, 0x0a, 0x92, 0x13, 0x94, 0x36, 0xd2, 0x4a,
0x94, 0x5a, 0xd2, 0x4a, 0x85, 0x02, 0x05, 0x0b, 0x14, 0x27, 0x84, 0x52, 0xf0, 0x3f, 0x40, 0xb9,
0x74, 0xc3, 0xa5, 0x72, 0xef, 0x01, 0x14, 0x0b, 0xee, 0x01, 0x0e, 0x0b, 0xaf, 0x00, 0x0f, 0x0b,
0x05, 0x02, 0x0b, 0x0b, 0x6b, 0x01, 0x2e, 0x0a, 0xb4, 0x01, 0x0e, 0x0a, 0x8b, 0x02, 0x0b, 0x2a,
0x6b, 0x00, 0x0b, 0x0b, 0xe3, 0x01, 0x12, 0x2a, 0x63, 0x00, 0x08, 0x0a, 0xf4, 0x01, 0x12, 0x0a,
0x63, 0x00, 0x14, 0x2a, 0xd4, 0x19, 0x8e, 0x13, 0x94, 0x2e, 0xce, 0x4a, 0x94, 0x66, 0xce, 0x4a,
0x6b, 0x01, 0x14, 0x0b, 0xf4, 0x09, 0x8f, 0x13, 0x94, 0x36, 0xcf, 0x4a, 0x94, 0x5a, 0xcf, 0x4a,
0x83, 0x02, 0x03, 0x0b, 0x94, 0xbf, 0x8d, 0x52, 0xf0, 0x3b, 0x40, 0xb9, 0x94, 0xa5, 0xa9, 0x72,
0x6b, 0x01, 0x14, 0x0b, 0x6c, 0x01, 0x0c, 0x0b, 0x6b, 0x00, 0x0b, 0x0b, 0x03, 0x02, 0x0d, 0x0b,
0xad, 0x01, 0x2c, 0x0a, 0xd4, 0x01, 0x0c, 0x0a, 0x8d, 0x02, 0x0d, 0x2a, 0xad, 0x00, 0x0d, 0x0b,
0x65, 0x01, 0x0f, 0x2a, 0xa5, 0x00, 0x12, 0x0a, 0x74, 0x01, 0x0f, 0x0a, 0xa5, 0x00, 0x14, 0x2a,
0x94, 0x19, 0x8c, 0x13, 0x94, 0x2e, 0xcc, 0x4a, 0x94, 0x66, 0xcc, 0x4a, 0xad, 0x01, 0x14, 0x0b,
0x74, 0x09, 0x8b, 0x13, 0x94, 0x36, 0xcb, 0x4a, 0x94, 0x5a, 0xcb, 0x4a, 0x85, 0x02, 0x05, 0x0b,
0x74, 0xa2, 0x81, 0x52, 0xf0, 0x8f, 0x40, 0xb9, 0x14, 0x67, 0xaa, 0x72, 0xad, 0x01, 0x14, 0x0b,
0xa8, 0x01, 0x08, 0x0b, 0xad, 0x00, 0x0d, 0x0b, 0x05, 0x02, 0x0e, 0x0b, 0xce, 0x01, 0x28, 0x0a,
0x94, 0x01, 0x08, 0x0a, 0x8e, 0x02, 0x0e, 0x2a, 0x6e, 0x00, 0x0e, 0x0b, 0xa3, 0x01, 0x0b, 0x2a,
0x63, 0x00, 0x0f, 0x0a, 0xb4, 0x01, 0x0b, 0x0a, 0x63, 0x00, 0x14, 0x2a, 0x14, 0x19, 0x88, 0x13,
0x94, 0x2e, 0xc8, 0x4a, 0x94, 0x66, 0xc8, 0x4a, 0xce, 0x01, 0x14, 0x0b, 0xb4, 0x09, 0x8d, 0x13,
0x94, 0x36, 0xcd, 0x4a, 0x94, 0x5a, 0xcd, 0x4a, 0x83, 0x02, 0x03, 0x0b, 0x94, 0x6a, 0x8e, 0x52,
0x54, 0xa1, 0xac, 0x72, 0xce, 0x01, 0x14, 0x0b, 0xd2, 0x01, 0x12, 0x0b, 0x6e, 0x00, 0x0e, 0x0b,
0x63, 0x03, 0x0c, 0x0b, 0x8c, 0x01, 0x32, 0x0a, 0x14, 0x01, 0x12, 0x0a, 0x8c, 0x02, 0x0c, 0x2a,
0xac, 0x00, 0x0c, 0x0b, 0xc5, 0x01, 0x0d, 0x2a, 0xa5, 0x00, 0x0b, 0x0a, 0xd4, 0x01, 0x0d, 0x0a,
0xa5, 0x00, 0x14, 0x2a, 0x54, 0x1a, 0x92, 0x13, 0x94, 0x2e, 0xd2, 0x4a, 0x94, 0x66, 0xd2, 0x4a,
0x8c, 0x01, 0x14, 0x0b, 0xd4, 0x09, 0x8e, 0x13, 0x94, 0x36, 0xce, 0x4a, 0x94, 0x5a, 0xce, 0x4a,
0x85, 0x02, 0x05, 0x0b, 0x74, 0x57, 0x81, 0x52, 0x54, 0xcd, 0xae, 0x72, 0x8c, 0x01, 0x14, 0x0b,
0x8f, 0x01, 0x0f, 0x0b, 0xac, 0x00, 0x0c, 0x0b, 0x65, 0x02, 0x08, 0x0b, 0x08, 0x01, 0x2f, 0x0a,
0x53, 0x02, 0x0f, 0x0a, 0x68, 0x02, 0x08, 0x2a, 0x68, 0x00, 0x08, 0x0b, 0x83, 0x01, 0x0e, 0x2a,
0x63, 0x00, 0x0d, 0x0a, 0x93, 0x01, 0x0e, 0x0a, 0x63, 0x00, 0x13, 0x2a, 0xf3, 0x19, 0x8f, 0x13,
0x73, 0x2e, 0xcf, 0x4a, 0x73, 0x66, 0xcf, 0x4a, 0x08, 0x01, 0x13, 0x0b, 0x93, 0x09, 0x8c, 0x13,
0x73, 0x36, 0xcc, 0x4a, 0x73, 0x5a, 0xcc, 0x4a, 0x63, 0x02, 0x03, 0x0b, 0xd3, 0x25, 0x99, 0x52,
0x53, 0x38, 0xb0, 0x72, 0x08, 0x01, 0x13, 0x0b, 0x0b, 0x01, 0x0b, 0x0b, 0x68, 0x00, 0x08, 0x0b,
0xc3, 0x03, 0x12, 0x0b, 0x52, 0x02, 0x2b, 0x0a, 0xe7, 0x01, 0x0b, 0x0a, 0xf2, 0x00, 0x12, 0x2a,
0xb2, 0x00, 0x12, 0x0b, 0x05, 0x01, 0x0c, 0x2a, 0xa5, 0x00, 0x0e, 0x0a, 0x07, 0x01, 0x0c, 0x0a,
0xa5, 0x00, 0x07, 0x2a, 0x67, 0x19, 0x8b, 0x13, 0xe7, 0x2c, 0xcb, 0x4a, 0xe7, 0x64, 0xcb, 0x4a,
0x52, 0x02, 0x07, 0x0b, 0x07, 0x09, 0x88, 0x13, 0xe7, 0x34, 0xc8, 0x4a, 0xe7, 0x58, 0xc8, 0x4a,
0xe5, 0x00, 0x05, 0x0b, 0xa7, 0x90, 0x85, 0x52, 0x47, 0x4e, 0xb2, 0x72, 0x52, 0x02, 0x07, 0x0b,
0x4d, 0x02, 0x0d, 0x0b, 0xb2, 0x00, 0x12, 0x0b, 0xc5, 0x00, 0x0f, 0x0b, 0xef, 0x01, 0x2d, 0x0a,
0x66, 0x01, 0x0d, 0x0a, 0xcf, 0x00, 0x0f, 0x2a, 0x6f, 0x00, 0x0f, 0x0b, 0x43, 0x02, 0x08, 0x2a,
0x63, 0x00, 0x0c, 0x0a, 0x46, 0x02, 0x08, 0x0a, 0x63, 0x00, 0x06, 0x2a, 0xa6, 0x19, 0x8d, 0x13,
0xc6, 0x2c, 0xcd, 0x4a, 0xc6, 0x64, 0xcd, 0x4a, 0xef, 0x01, 0x06, 0x0b, 0x46, 0x0a, 0x92, 0x13,
0xc6, 0x34, 0xd2, 0x4a, 0xc6, 0x58, 0xd2, 0x4a, 0xc3, 0x00, 0x03, 0x0b, 0x26, 0x14, 0x9d, 0x52,
0xe6, 0x57, 0xb4, 0x72, 0xef, 0x01, 0x06, 0x0b, 0xee, 0x01, 0x0e, 0x0b, 0x6f, 0x00, 0x0f, 0x0b,
0xa3, 0x03, 0x0b, 0x0b, 0x6b, 0x01, 0x2e, 0x0a, 0xa4, 0x01, 0x0e, 0x0a, 0x8b, 0x00, 0x0b, 0x2a,
0xe4, 0x01, 0x12, 0x2a, 0xab, 0x00, 0x0b, 0x0b, 0x84, 0x00, 0x08, 0x0a, 0xe5, 0x01, 0x12, 0x0a,
0x84, 0x00, 0x05, 0x2a, 0xc5, 0x19, 0x8e, 0x13, 0xa5, 0x2c, 0xce, 0x4a, 0xa5, 0x64, 0xce, 0x4a,
0x6b, 0x01, 0x05, 0x0b, 0xe5, 0x09, 0x8f, 0x13, 0xa5, 0x34, 0xcf, 0x4a, 0xa5, 0x58, 0xcf, 0x4a,
0xa4, 0x00, 0x04, 0x0b, 0x65, 0xc9, 0x8c, 0x52, 0x45, 0x03, 0xb5, 0x72, 0x6b, 0x01, 0x05, 0x0b,
0x6c, 0x01, 0x0c, 0x0b, 0x8b, 0x00, 0x0b, 0x0b, 0x82, 0x03, 0x0d, 0x0b, 0xad, 0x01, 0x2c, 0x0a,
0xc4, 0x01, 0x0c, 0x0a, 0x8d, 0x00, 0x0d, 0x2a, 0x6d, 0x00, 0x0d, 0x0b, 0x63, 0x01, 0x0f, 0x2a,
0x63, 0x00, 0x12, 0x0a, 0x64, 0x01, 0x0f, 0x0a, 0x63, 0x00, 0x04, 0x2a, 0x84, 0x19, 0x8c, 0x13,
0x84, 0x2c, 0xcc, 0x4a, 0x84, 0x64, 0xcc, 0x4a, 0xad, 0x01, 0x04, 0x0b, 0x64, 0x09, 0x8b, 0x13,
0x84, 0x34, 0xcb, 0x4a, 0x84, 0x58, 0xcb, 0x4a, 0x83, 0x00, 0x03, 0x0b, 0x04, 0x6e, 0x91, 0x52,
0x64, 0x49, 0xb8, 0x72, 0xad, 0x01, 0x04, 0x0b, 0xa8, 0x01, 0x08, 0x0b, 0x6d, 0x00, 0x0d, 0x0b,
0x21, 0x03, 0x0e, 0x0b, 0xce, 0x01, 0x28, 0x0a, 0x83, 0x01, 0x08, 0x0a, 0x6e, 0x00, 0x0e, 0x2a,
0x4e, 0x00, 0x0e, 0x0b, 0xa2, 0x01, 0x0b, 0x2a, 0x42, 0x00, 0x0f, 0x0a, 0xa3, 0x01, 0x0b, 0x0a,
0x42, 0x00, 0x03, 0x2a, 0x03, 0x19, 0x88, 0x13, 0x63, 0x2c, 0xc8, 0x4a, 0x63, 0x64, 0xc8, 0x4a,
0xce, 0x01, 0x03, 0x0b, 0xa3, 0x09, 0x8d, 0x13, 0x63, 0x34, 0xcd, 0x4a, 0x63, 0x58, 0xcd, 0x4a,
0x62, 0x00, 0x02, 0x0b, 0x63, 0x34, 0x8a, 0x52, 0x83, 0xed, 0xb8, 0x72, 0xce, 0x01, 0x03, 0x0b,
0xd2, 0x01, 0x12, 0x0b, 0x4e, 0x00, 0x0e, 0x0b, 0x00, 0x03, 0x0c, 0x0b, 0x8c, 0x01, 0x32, 0x0a,
0x02, 0x01, 0x12, 0x0a, 0x4c, 0x00, 0x0c, 0x2a, 0x2c, 0x00, 0x0c, 0x0b, 0xc1, 0x01, 0x0d, 0x2a,
0x21, 0x00, 0x0b, 0x0a, 0xc2, 0x01, 0x0d, 0x0a, 0x21, 0x00, 0x02, 0x2a, 0x42, 0x1a, 0x92, 0x13,
0x42, 0x2c, 0xd2, 0x4a, 0x42, 0x64, 0xd2, 0x4a, 0x8c, 0x01, 0x02, 0x0b, 0xc2, 0x09, 0x8e, 0x13,
0x42, 0x34, 0xce, 0x4a, 0x42, 0x58, 0xce, 0x4a, 0x41, 0x00, 0x01, 0x0b, 0x22, 0x03, 0x9d, 0x52,
0x42, 0x32, 0xba, 0x72, 0x8c, 0x01, 0x02, 0x0b, 0x8f, 0x01, 0x0f, 0x0b, 0x2c, 0x00, 0x0c, 0x0b,
0xd0, 0x02, 0x08, 0x0b, 0x08, 0x01, 0x2f, 0x0a, 0x41, 0x02, 0x0f, 0x0a, 0x28, 0x00, 0x08, 0x2a,
0x08, 0x00, 0x08, 0x0b, 0x80, 0x01, 0x0e, 0x2a, 0x00, 0x00, 0x0d, 0x0a, 0x81, 0x01, 0x0e, 0x0a,
0x00, 0x00, 0x01, 0x2a, 0xe1, 0x19, 0x8f, 0x13, 0x21, 0x2c, 0xcf, 0x4a, 0x21, 0x64, 0xcf, 0x4a,
0x08, 0x01, 0x01, 0x0b, 0x81, 0x09, 0x8c, 0x13, 0x21, 0x34, 0xcc, 0x4a, 0x21, 0x58, 0xcc, 0x4a,
0x20, 0x00, 0x00, 0x0b, 0x81, 0xc4, 0x80, 0x52, 0x21, 0xd3, 0xba, 0x72, 0x08, 0x01, 0x01, 0x0b,
0x0b, 0x01, 0x0b, 0x0b, 0x08, 0x00, 0x08, 0x0b, 0xb1, 0x02, 0x12, 0x0b, 0x52, 0x02, 0x2b, 0x0a,
0xe0, 0x01, 0x0b, 0x0a, 0x12, 0x00, 0x12, 0x2a, 0x10, 0x02, 0x12, 0x0b, 0x12, 0x01, 0x0c, 0x2a,
0x52, 0x02, 0x0e, 0x0a, 0x00, 0x01, 0x0c, 0x0a, 0x52, 0x02, 0x00, 0x2a, 0x60, 0x19, 0x8b, 0x13,
0x00, 0x2c, 0xcb, 0x4a, 0x00, 0x64, 0xcb, 0x4a, 0x10, 0x02, 0x00, 0x0b, 0x00, 0x09, 0x88, 0x13,
0x00, 0x34, 0xc8, 0x4a, 0x00, 0x58, 0xc8, 0x4a, 0x12, 0x00, 0x12, 0x0b, 0xa0, 0xb0, 0x86, 0x52,
0xc0, 0x81, 0xbe, 0x72, 0x10, 0x02, 0x00, 0x0b, 0x0d, 0x02, 0x0d, 0x0b, 0x50, 0x02, 0x10, 0x0b,
0x52, 0x03, 0x0f, 0x0b, 0xef, 0x01, 0x2d, 0x0a, 0x60, 0x01, 0x0d, 0x0a, 0x0f, 0x00, 0x0f, 0x2a,
0x2f, 0x02, 0x0f, 0x0b, 0x11, 0x02, 0x08, 0x2a, 0x31, 0x02, 0x0c, 0x0a, 0x00, 0x02, 0x08, 0x0a,
0x31, 0x02, 0x00, 0x2a, 0xa0, 0x19, 0x8d, 0x13, 0x00, 0x2c, 0xcd, 0x4a, 0x00, 0x64, 0xcd, 0x4a,
0xef, 0x01, 0x00, 0x0b, 0x00, 0x0a, 0x90, 0x13, 0x00, 0x34, 0xd0, 0x4a, 0x00, 0x58, 0xd0, 0x4a,
0x11, 0x00, 0x11, 0x0b, 0x00, 0x0e, 0x94, 0x52, 0x40, 0x0d, 0xa2, 0x72, 0xef, 0x01, 0x00, 0x0b,
0xee, 0x01, 0x0e, 0x0b, 0x2f, 0x02, 0x0f, 0x0b, 0xf1, 0x8b, 0x40, 0xb9, 0xa0, 0x01, 0x0e, 0x0a,
0xe1, 0x43, 0x40, 0xf9, 0xf4, 0x4f, 0x51, 0xa9, 0x31, 0x02, 0x0b, 0x0b, 0x6b, 0x01, 0x2e, 0x0a,
0x0b, 0x00, 0x0b, 0x2a, 0x4b, 0x02, 0x0b, 0x0b, 0xf2, 0x01, 0x10, 0x2a, 0x52, 0x02, 0x08, 0x0a,
0xe0, 0x01, 0x10, 0x0a, 0x52, 0x02, 0x00, 0x2a, 0xc0, 0x19, 0x8e, 0x13, 0x00, 0x2c, 0xce, 0x4a,
0x00, 0x64, 0xce, 0x4a, 0x6b, 0x01, 0x00, 0x0b, 0xe0, 0x09, 0x8f, 0x13, 0x00, 0x34, 0xcf, 0x4a,
0x00, 0x58, 0xcf, 0x4a, 0x12, 0x00, 0x12, 0x0b, 0xc0, 0x22, 0x98, 0x52, 0x80, 0x34, 0xa3, 0x72,
0x6b, 0x01, 0x00, 0x0b, 0x6c, 0x01, 0x0c, 0x0b, 0x4b, 0x02, 0x0b, 0x0b, 0xf2, 0x33, 0x40, 0xb9,
0xc0, 0x01, 0x0c, 0x0a, 0xf6, 0x57, 0x50, 0xa9, 0xfa, 0x67, 0x4e, 0xa9, 0x52, 0x02, 0x0d, 0x0b,
0xad, 0x01, 0x2c, 0x0a, 0x0d, 0x00, 0x0d, 0x2a, 0x2d, 0x02, 0x0d, 0x0b, 0x71, 0x01, 0x0f, 0x2a,
0x31, 0x02, 0x10, 0x0a, 0x60, 0x01, 0x0f, 0x0a, 0x31, 0x02, 0x00, 0x2a, 0x80, 0x19, 0x8c, 0x13,
0x00, 0x2c, 0xcc, 0x4a, 0x00, 0x64, 0xcc, 0x4a, 0xad, 0x01, 0x00, 0x0b, 0x60, 0x09, 0x8b, 0x13,
0x00, 0x34, 0xcb, 0x4a, 0x00, 0x58, 0xcb, 0x4a, 0x11, 0x00, 0x11, 0x0b, 0x00, 0x81, 0x8d, 0x52,
0xe0, 0xc6, 0xa3, 0x72, 0xad, 0x01, 0x00, 0x0b, 0xe0, 0x2f, 0x40, 0xb9, 0xa8, 0x01, 0x08, 0x0b,
0x2d, 0x02, 0x0d, 0x0b, 0x91, 0x01, 0x08, 0x0a, 0x00, 0x00, 0x0e, 0x0b, 0xce, 0x01, 0x28, 0x0a,
0x2e, 0x02, 0x0e, 0x2a, 0x4e, 0x02, 0x0e, 0x0b, 0xb2, 0x01, 0x0b, 0x2a, 0xb1, 0x01, 0x0b, 0x0a,
0x52, 0x02, 0x0f, 0x0a, 0x51, 0x02, 0x11, 0x2a, 0x12, 0x19, 0x88, 0x13, 0x52, 0x2e, 0xc8, 0x4a,
0x52, 0x66, 0xc8, 0x4a, 0xce, 0x01, 0x12, 0x0b, 0xb2, 0x09, 0x8d, 0x13, 0x52, 0x36, 0xcd, 0x4a,
0x52, 0x5a, 0xcd, 0x4a, 0x51, 0x02, 0x11, 0x0b, 0x92, 0xe9, 0x8e, 0x52, 0x12, 0xe9, 0xa4, 0x72,
0xce, 0x01, 0x12, 0x0b, 0xf2, 0x2b, 0x40, 0xb9, 0xd0, 0x01, 0x10, 0x0b, 0x2e, 0x02, 0x0e, 0x0b,
0x11, 0x01, 0x10, 0x0a, 0x52, 0x02, 0x0c, 0x0b, 0x8c, 0x01, 0x30, 0x0a, 0x2c, 0x02, 0x0c, 0x2a,
0x0c, 0x00, 0x0c, 0x0b, 0xc0, 0x01, 0x0d, 0x2a, 0xd1, 0x01, 0x0d, 0x0a, 0x00, 0x00, 0x0b, 0x0a,
0x11, 0x00, 0x11, 0x2a, 0x00, 0x1a, 0x90, 0x13, 0x00, 0x2c, 0xd0, 0x4a, 0x00, 0x64, 0xd0, 0x4a,
0x8c, 0x01, 0x00, 0x0b, 0xc0, 0x09, 0x8e, 0x13, 0x00, 0x34, 0xce, 0x4a, 0x00, 0x58, 0xce, 0x4a,
0x11, 0x00, 0x11, 0x0b, 0xa0, 0x96, 0x97, 0x52, 0x00, 0x96, 0xa6, 0x72, 0x8c, 0x01, 0x00, 0x0b,
0xe0, 0x23, 0x40, 0xb9, 0x8f, 0x01, 0x0f, 0x0b, 0x2c, 0x02, 0x0c, 0x0b, 0x11, 0x02, 0x0f, 0x0a,
0x00, 0x00, 0x08, 0x0b, 0x08, 0x01, 0x2f, 0x0a, 0x28, 0x02, 0x08, 0x2a, 0x48, 0x02, 0x08, 0x0b,
0x92, 0x01, 0x0e, 0x2a, 0x91, 0x01, 0x0e, 0x0a, 0x52, 0x02, 0x0d, 0x0a, 0x51, 0x02, 0x11, 0x2a,
0xf2, 0x19, 0x8f, 0x13, 0x52, 0x2e, 0xcf, 0x4a, 0x52, 0x66, 0xcf, 0x4a, 0x08, 0x01, 0x12, 0x0b,
0x92, 0x09, 0x8c, 0x13, 0x52, 0x36, 0xcc, 0x4a, 0x52, 0x5a, 0xcc, 0x4a, 0x51, 0x02, 0x11, 0x0b,
0x72, 0x96, 0x81, 0x52, 0x92, 0x23, 0xa7, 0x72, 0x08, 0x01, 0x12, 0x0b, 0xf2, 0x1f, 0x40, 0xb9,
0x0b, 0x01, 0x0b, 0x0b, 0x28, 0x02, 0x08, 0x0b, 0xf1, 0x01, 0x0b, 0x0a, 0x52, 0x02, 0x10, 0x0b,
0x10, 0x02, 0x2b, 0x0a, 0x30, 0x02, 0x10, 0x2a, 0x10, 0x00, 0x10, 0x0b, 0x00, 0x01, 0x0c, 0x2a,
0x11, 0x01, 0x0c, 0x0a, 0x00, 0x00, 0x0e, 0x0a, 0x11, 0x00, 0x11, 0x2a, 0x60, 0x19, 0x8b, 0x13,
0x00, 0x2c, 0xcb, 0x4a, 0x00, 0x64, 0xcb, 0x4a, 0x10, 0x02, 0x00, 0x0b, 0x00, 0x09, 0x88, 0x13,
0x00, 0x34, 0xc8, 0x4a, 0x00, 0x58, 0xc8, 0x4a, 0x11, 0x00, 0x11, 0x0b, 0x40, 0x49, 0x95, 0x52,
0x00, 0xdb, 0xa9, 0x72, 0x10, 0x02, 0x00, 0x0b, 0xe0, 0x1b, 0x40, 0xb9, 0x0d, 0x02, 0x0d, 0x0b,
0x30, 0x02, 0x10, 0x0b, 0x71, 0x01, 0x0d, 0x0a, 0x00, 0x00, 0x0f, 0x0b, 0xef, 0x01, 0x2d, 0x0a,
0x2f, 0x02, 0x0f, 0x2a, 0x4f, 0x02, 0x0f, 0x0b, 0x12, 0x02, 0x08, 0x2a, 0x11, 0x02, 0x08, 0x0a,
0x52, 0x02, 0x0c, 0x0a, 0x51, 0x02, 0x11, 0x2a, 0xb2, 0x19, 0x8d, 0x13, 0x52, 0x2e, 0xcd, 0x4a,
0x52, 0x66, 0xcd, 0x4a, 0xef, 0x01, 0x12, 0x0b, 0x12, 0x0a, 0x90, 0x13, 0x52, 0x36, 0xd0, 0x4a,
0x52, 0x5a, 0xd0, 0x4a, 0x51, 0x02, 0x11, 0x0b, 0xf2, 0x49, 0x99, 0x52, 0x92, 0x73, 0xab, 0x72,
0xef, 0x01, 0x12, 0x0b, 0xee, 0x01, 0x0e, 0x0b, 0xf2, 0x02, 0x0b, 0x0b, 0x2f, 0x02, 0x0f, 0x0b,
0x6b, 0x01, 0x2e, 0x0a, 0xb1, 0x01, 0x0e, 0x0a, 0x2b, 0x02, 0x0b, 0x2a, 0x0b, 0x00, 0x0b, 0x0b,
0xe0, 0x01, 0x10, 0x2a, 0xf1, 0x01, 0x10, 0x0a, 0x00, 0x00, 0x08, 0x0a, 0x11, 0x00, 0x11, 0x2a,
0xc0, 0x19, 0x8e, 0x13, 0x00, 0x2c, 0xce, 0x4a, 0x00, 0x64, 0xce, 0x4a, 0x6b, 0x01, 0x00, 0x0b,
0xe0, 0x09, 0x8f, 0x13, 0x00, 0x34, 0xcf, 0x4a, 0x00, 0x58, 0xcf, 0x4a, 0x11, 0x00, 0x11, 0x0b,
0x60, 0xfe, 0x8d, 0x52, 0xc0, 0x05, 0xad, 0x72, 0x6b, 0x01, 0x00, 0x0b, 0xe0, 0x97, 0x40, 0xb9,
0x6c, 0x01, 0x0c, 0x0b, 0x2b, 0x02, 0x0b, 0x0b, 0xd1, 0x01, 0x0c, 0x0a, 0x00, 0x00, 0x0d, 0x0b,
0xad, 0x01, 0x2c, 0x0a, 0x2d, 0x02, 0x0d, 0x2a, 0x4d, 0x02, 0x0d, 0x0b, 0x72, 0x01, 0x0f, 0x2a,
0x71, 0x01, 0x0f, 0x0a, 0x52, 0x02, 0x10, 0x0a, 0x51, 0x02, 0x11, 0x2a, 0x92, 0x19, 0x8c, 0x13,
0x52, 0x2e, 0xcc, 0x4a, 0x52, 0x66, 0xcc, 0x4a, 0xad, 0x01, 0x12, 0x0b, 0x72, 0x09, 0x8b, 0x13,
0x52, 0x36, 0xcb, 0x4a, 0x52, 0x5a, 0xcb, 0x4a, 0x51, 0x02, 0x11, 0x0b, 0xd2, 0x5d, 0x90, 0x52,
0xf2, 0x91, 0xae, 0x72, 0xad, 0x01, 0x12, 0x0b, 0xf2, 0x4f, 0x40, 0xb9, 0xa8, 0x01, 0x08, 0x0b,
0x2d, 0x02, 0x0d, 0x0b, 0x91, 0x01, 0x08, 0x0a, 0x52, 0x02, 0x0e, 0x0b, 0xce, 0x01, 0x28, 0x0a,
0x2e, 0x02, 0x0e, 0x2a, 0x0e, 0x00, 0x0e, 0x0b, 0xa0, 0x01, 0x0b, 0x2a, 0xb1, 0x01, 0x0b, 0x0a,
0x00, 0x00, 0x0f, 0x0a, 0x11, 0x00, 0x11, 0x2a, 0x00, 0x19, 0x88, 0x13, 0x00, 0x2c, 0xc8, 0x4a,
0x00, 0x64, 0xc8, 0x4a, 0xce, 0x01, 0x00, 0x0b, 0xa0, 0x09, 0x8d, 0x13, 0x00, 0x34, 0xcd, 0x4a,
0x00, 0x58, 0xcd, 0x4a, 0x11, 0x00, 0x11, 0x0b, 0xe0, 0x6d, 0x8c, 0x52, 0xa0, 0x14, 0xaf, 0x72,
0xce, 0x01, 0x00, 0x0b, 0xe0, 0x37, 0x40, 0xb9, 0xd0, 0x01, 0x10, 0x0b, 0x2e, 0x02, 0x0e, 0x0b,
0x11, 0x01, 0x10, 0x0a, 0x00, 0x00, 0x0c, 0x0b, 0x8c, 0x01, 0x30, 0x0a, 0x2c, 0x02, 0x0c, 0x2a,
0x4c, 0x02, 0x0c, 0x0b, 0xd2, 0x01, 0x0d, 0x2a, 0xd1, 0x01, 0x0d, 0x0a, 0x52, 0x02, 0x0b, 0x0a,
0x51, 0x02, 0x11, 0x2a, 0x12, 0x1a, 0x90, 0x13, 0x52, 0x2e, 0xd0, 0x4a, 0x52, 0x66, 0xd0, 0x4a,
0x8c, 0x01, 0x12, 0x0b, 0xd2, 0x09, 0x8e, 0x13, 0x52, 0x36, 0xce, 0x4a, 0x52, 0x5a, 0xce, 0x4a,
0x51, 0x02, 0x11, 0x0b, 0x92, 0x02, 0x8f, 0x52, 0x12, 0x99, 0xb0, 0x72, 0x8c, 0x01, 0x12, 0x0b,
0xf2, 0x27, 0x40, 0xb9, 0x8f, 0x01, 0x0f, 0x0b, 0x2c, 0x02, 0x0c, 0x0b, 0x11, 0x02, 0x0f, 0x0a,
0x52, 0x02, 0x08, 0x0b, 0x08, 0x01, 0x2f, 0x0a, 0x28, 0x02, 0x08, 0x2a, 0x08, 0x00, 0x08, 0x0b,
0x80, 0x01, 0x0e, 0x2a, 0x91, 0x01, 0x0e, 0x0a, 0x00, 0x00, 0x0d, 0x0a, 0x11, 0x00, 0x11, 0x2a,
0xe0, 0x19, 0x8f, 0x13, 0x00, 0x2c, 0xcf, 0x4a, 0x00, 0x64, 0xcf, 0x4a, 0x08, 0x01, 0x00, 0x0b,
0x80, 0x09, 0x8c, 0x13, 0x00, 0x34, 0xcc, 0x4a, 0x00, 0x58, 0xcc, 0x4a, 0x11, 0x00, 0x11, 0x0b,
0x00, 0x41, 0x80, 0x52, 0xe0, 0x98, 0xb1, 0x72, 0x08, 0x01, 0x00, 0x0b, 0x0b, 0x01, 0x0b, 0x0b,
0x4a, 0x01, 0x10, 0x0b, 0x28, 0x02, 0x08, 0x0b, 0x10, 0x02, 0x2b, 0x0a, 0xf1, 0x01, 0x0b, 0x0a,
0x30, 0x02, 0x10, 0x2a, 0x50, 0x02, 0x10, 0x0b, 0x12, 0x01, 0x0c, 0x2a, 0x11, 0x01, 0x0c, 0x0a,
0x52, 0x02, 0x0e, 0x0a, 0x51, 0x02, 0x11, 0x2a, 0x72, 0x19, 0x8b, 0x13, 0x52, 0x2e, 0xcb, 0x4a,
0x52, 0x66, 0xcb, 0x4a, 0x10, 0x02, 0x12, 0x0b, 0x12, 0x09, 0x88, 0x13, 0x52, 0x36, 0xc8, 0x4a,
0x52, 0x5a, 0xc8, 0x4a, 0x51, 0x02, 0x11, 0x0b, 0x52, 0xff, 0x9f, 0x52, 0xd2, 0x17, 0xb2, 0x72,
0x10, 0x02, 0x12, 0x0b, 0xf2, 0x6b, 0x40, 0xb9, 0x0d, 0x02, 0x0d, 0x0b, 0x30, 0x02, 0x10, 0x0b,
0x71, 0x01, 0x0d, 0x0a, 0x52, 0x02, 0x0f, 0x0b, 0xef, 0x01, 0x2d, 0x0a, 0x2f, 0x02, 0x0f, 0x2a,
0x4a, 0x01, 0x0f, 0x0b, 0x0f, 0x02, 0x08, 0x2a, 0x11, 0x02, 0x08, 0x0a, 0xef, 0x01, 0x0c, 0x0a,
0xef, 0x01, 0x11, 0x2a, 0xb1, 0x19, 0x8d, 0x13, 0x31, 0x2e, 0xcd, 0x4a, 0x31, 0x66, 0xcd, 0x4a,
0x4a, 0x01, 0x11, 0x0b, 0x11, 0x0a, 0x90, 0x13, 0x31, 0x36, 0xd0, 0x4a, 0x31, 0x5a, 0xd0, 0x4a,
0x2f, 0x02, 0x0f, 0x0b, 0x71, 0x9d, 0x8d, 0x52, 0x11, 0x8a, 0xb4, 0x72, 0x4a, 0x01, 0x11, 0x0b,
0xf1, 0xa7, 0x40, 0xb9, 0x4e, 0x01, 0x0e, 0x0b, 0x29, 0x01, 0x0b, 0x0b, 0xea, 0x01, 0x0a, 0x0b,
0x6b, 0x01, 0x2e, 0x0a, 0xaf, 0x01, 0x0e, 0x0a, 0xeb, 0x01, 0x0b, 0x2a, 0x4f, 0x01, 0x10, 0x2a,
0x11, 0x01, 0x11, 0x0b, 0xe8, 0x01, 0x08, 0x0a, 0xe0, 0xbf, 0x56, 0x29, 0x4b, 0x02, 0x0b, 0x0b,
0xf2, 0xb3, 0x40, 0xb9, 0xf8, 0x5f, 0x4f, 0xa9, 0x0f, 0x02, 0x0f, 0x0b, 0x40, 0x01, 0x00, 0x0b,
0x20, 0x3c, 0x03, 0x29, 0x4f, 0x01, 0x10, 0x0a, 0x08, 0x01, 0x0f, 0x2a, 0xcf, 0x19, 0x8e, 0x13,
0xef, 0x2d, 0xce, 0x4a, 0xef, 0x65, 0xce, 0x4a, 0x6b, 0x01, 0x0f, 0x0b, 0x4f, 0x09, 0x8a, 0x13,
0xef, 0x35, 0xca, 0x4a, 0xef, 0x59, 0xca, 0x4a, 0xe8, 0x01, 0x08, 0x0b, 0xef, 0x7e, 0x94, 0x52,
0x2f, 0xdf, 0xb7, 0x72, 0x6b, 0x01, 0x0f, 0x0b, 0x6c, 0x01, 0x0c, 0x0b, 0x08, 0x01, 0x0b, 0x0b,
0xeb, 0x7f, 0x40, 0xb9, 0xef, 0xbf, 0x40, 0xb9, 0x92, 0x01, 0x12, 0x0b, 0xfc, 0x6f, 0x4d, 0xa9,
0xab, 0x01, 0x0b, 0x0b, 0xcf, 0x01, 0x0f, 0x0b, 0xad, 0x01, 0x2c, 0x0a, 0xce, 0x01, 0x0c, 0x0a,
0xcd, 0x01, 0x0d, 0x2a, 0x0e, 0x01, 0x0a, 0x2a, 0xce, 0x01, 0x10, 0x0a, 0x90, 0x19, 0x8c, 0x13,
0x10, 0x2e, 0xcc, 0x4a, 0x0c, 0x66, 0xcc, 0x4a, 0x29, 0x01, 0x0d, 0x0b, 0x29, 0x01, 0x0c, 0x0b,
0xec, 0xab, 0x40, 0xb9, 0xf0, 0xaf, 0x40, 0xb9, 0x0a, 0x01, 0x0a, 0x0a, 0x0d, 0x09, 0x88, 0x13,
0xca, 0x01, 0x0a, 0x2a, 0xad, 0x35, 0xc8, 0x4a, 0x4a, 0x01, 0x0c, 0x0b, 0x4c, 0x1e, 0x8f, 0x52,
0x10, 0x01, 0x10, 0x0b, 0xa8, 0x59, 0xc8, 0x4a, 0x2c, 0xce, 0xb8, 0x72, 0xfd, 0x7b, 0x4c, 0xa9,
0x29, 0x01, 0x0c, 0x0b, 0x48, 0x01, 0x08, 0x0b, 0x08, 0x01, 0x09, 0x0b, 0x29, 0x02, 0x09, 0x0b,
0x28, 0x40, 0x02, 0x29, 0x29, 0x48, 0x04, 0x29, 0x2f, 0x2c, 0x05, 0x29, 0xff, 0x83, 0x04, 0x91,
0xc0, 0x03, 0x5f, 0xd6, 0xfd, 0x7b, 0xbc, 0xa9, 0xf8, 0x5f, 0x01, 0xa9, 0xf6, 0x57, 0x02, 0xa9,
0xf4, 0x4f, 0x03, 0xa9, 0xfd, 0x03, 0x00, 0x91, 0x02, 0x06, 0x00, 0xb4, 0x08, 0x00, 0x40, 0xf9,
0xf3, 0x03, 0x02, 0xaa, 0xf4, 0x03, 0x01, 0xaa, 0xf5, 0x03, 0x00, 0xaa, 0x18, 0x15, 0x40, 0x92,
0x08, 0x01, 0x13, 0x0b, 0x1f, 0x01, 0x02, 0xeb, 0x08, 0x00, 0x00, 0xf9, 0x82, 0x00, 0x00, 0x54,
0xa8, 0x06, 0x40, 0xf9, 0x08, 0x05, 0x00, 0x91, 0xa8, 0x06, 0x00, 0xf9, 0x18, 0x02, 0x00, 0xb4,
0x08, 0x08, 0x80, 0x52, 0x16, 0x01, 0x18, 0xcb, 0xdf, 0x02, 0x13, 0xeb, 0x88, 0x01, 0x00, 0x54,
0xb7, 0xc2, 0x00, 0x91, 0xe0, 0x02, 0x18, 0x8b, 0xe1, 0x03, 0x14, 0xaa, 0xe2, 0x03, 0x16, 0xaa,
0x00, 0x00, 0x00, 0x94, 0xe0, 0x03, 0x15, 0xaa, 0xe1, 0x03, 0x17, 0xaa, 0x00, 0x00, 0x00, 0x94,
0xf8, 0x03, 0x1f, 0xaa, 0x73, 0x02, 0x16, 0xcb, 0x94, 0x02, 0x16, 0x8b, 0x7f, 0x02, 0x01, 0xf1,
0x03, 0x01, 0x00, 0x54, 0xe0, 0x03, 0x15, 0xaa, 0xe1, 0x03, 0x14, 0xaa, 0x00, 0x00, 0x00, 0x94,
0x73, 0x02, 0x01, 0xd1, 0x7f, 0xfe, 0x00, 0xf1, 0x94, 0x02, 0x01, 0x91, 0x48, 0xff, 0xff, 0x54,
0x53, 0x01, 0x00, 0xb4, 0xa8, 0x02, 0x18, 0x8b, 0xe1, 0x03, 0x14, 0xaa, 0xe2, 0x03, 0x13, 0xaa,
0xf4, 0x4f, 0x43, 0xa9, 0xf6, 0x57, 0x42, 0xa9, 0xf8, 0x5f, 0x41, 0xa9, 0x00, 0xc1, 0x00, 0x91,
0xfd, 0x7b, 0xc4, 0xa8, 0x00, 0x00, 0x00, 0x14, 0xf4, 0x4f, 0x43, 0xa9, 0xf6, 0x57, 0x42, 0xa9,
0xf8, 0x5f, 0x41, 0xa9, 0xfd, 0x7b, 0xc4, 0xa8, 0xc0, 0x03, 0x5f, 0xd6, 0xff, 0xc3, 0x00, 0xd1,
0x08, 0x24, 0x40, 0xa9, 0xf4, 0x4f, 0x02, 0xa9, 0xf3, 0x03, 0x01, 0xaa, 0x01, 0x00, 0x80, 0xd2,
0x0b, 0xfd, 0x55, 0xd3, 0xeb, 0x33, 0x00, 0x39, 0x0b, 0xfd, 0x4d, 0xd3, 0xeb, 0x37, 0x00, 0x39,
0x0b, 0xfd, 0x45, 0xd3, 0x29, 0xf1, 0x7d, 0xd3, 0xeb, 0x3b, 0x00, 0x39, 0x0b, 0x71, 0x1d, 0x53,
0x29, 0x75, 0x48, 0xaa, 0x08, 0x15, 0x00, 0x12, 0x0a, 0x0f, 0x80, 0x52, 0xeb, 0x3f, 0x00, 0x39,
0x0b, 0x07, 0x80, 0x52, 0x1f, 0xe1, 0x00, 0x71, 0x01, 0x00, 0xa0, 0xf2, 0x6a, 0x31, 0x8a, 0x1a,
0x2b, 0xfd, 0x58, 0xd3, 0x01, 0x00, 0xc0, 0xf2, 0xeb, 0x23, 0x00, 0x39, 0x2b, 0xfd, 0x50, 0xd3,
0xe9, 0x2f, 0x00, 0x39, 0x29, 0xfd, 0x48, 0xd3, 0x42, 0x01, 0x08, 0x4b, 0x01, 0x00, 0xe0, 0xf2,
0xfd, 0x7b, 0x01, 0xa9, 0xfd, 0x43, 0x00, 0x91, 0xf4, 0x03, 0x00, 0xaa, 0xeb, 0x27, 0x00, 0x39,
0xe9, 0x2b, 0x00, 0x39, 0x00, 0x00, 0x00, 0x94, 0xe1, 0x23, 0x00, 0x91, 0x02, 0x01, 0x80, 0x52,
0xe0, 0x03, 0x14, 0xaa, 0x00, 0x00, 0x00, 0x94, 0x88, 0x4e, 0x40, 0x39, 0xfd, 0x7b, 0x41, 0xa9,
0x68, 0x02, 0x00, 0x39, 0x88, 0x26, 0x40, 0x79, 0x68, 0x06, 0x00, 0x39, 0x88, 0x12, 0x40, 0xb9,
0x08, 0x7d, 0x08, 0x53, 0x68, 0x0a, 0x00, 0x39, 0x88, 0x12, 0x40, 0xb9, 0x68, 0x0e, 0x00, 0x39,
0x88, 0x5e, 0x40, 0x39, 0x68, 0x12, 0x00, 0x39, 0x88, 0x2e, 0x40, 0x79, 0x68, 0x16, 0x00, 0x39,
0x88, 0x16, 0x40, 0xb9, 0x08, 0x7d, 0x08, 0x53, 0x68, 0x1a, 0x00, 0x39, 0x88, 0x16, 0x40, 0xb9,
0x68, 0x1e, 0x00, 0x39, 0x88, 0x6e, 0x40, 0x39, 0x68, 0x22, 0x00, 0x39, 0x88, 0x36, 0x40, 0x79,
0x68, 0x26, 0x00, 0x39, 0x88, 0x1a, 0x40, 0xb9, 0x08, 0x7d, 0x08, 0x53, 0x68, 0x2a, 0x00, 0x39,
0x88, 0x1a, 0x40, 0xb9, 0x68, 0x2e, 0x00, 0x39, 0x88, 0x7e, 0x40, 0x39, 0x68, 0x32, 0x00, 0x39,
0x88, 0x3e, 0x40, 0x79, 0x68, 0x36, 0x00, 0x39, 0x88, 0x1e, 0x40, 0xb9, 0x08, 0x7d, 0x08, 0x53,
0x68, 0x3a, 0x00, 0x39, 0x88, 0x1e, 0x40, 0xb9, 0x68, 0x3e, 0x00, 0x39, 0x88, 0x8e, 0x40, 0x39,
0x68, 0x42, 0x00, 0x39, 0x88, 0x46, 0x40, 0x79, 0x68, 0x46, 0x00, 0x39, 0x88, 0x22, 0x40, 0xb9,
0x08, 0x7d, 0x08, 0x53, 0x68, 0x4a, 0x00, 0x39, 0x88, 0x22, 0x40, 0xb9, 0x68, 0x4e, 0x00, 0x39,
0x88, 0x9e, 0x40, 0x39, 0x68, 0x52, 0x00, 0x39, 0x88, 0x4e, 0x40, 0x79, 0x68, 0x56, 0x00, 0x39,
0x88, 0x26, 0x40, 0xb9, 0x08, 0x7d, 0x08, 0x53, 0x68, 0x5a, 0x00, 0x39, 0x88, 0x26, 0x40, 0xb9,
0x68, 0x5e, 0x00, 0x39, 0x88, 0xae, 0x40, 0x39, 0x68, 0x62, 0x00, 0x39, 0x88, 0x56, 0x40, 0x79,
0x68, 0x66, 0x00, 0x39, 0x88, 0x2a, 0x40, 0xb9, 0x08, 0x7d, 0x08, 0x53, 0x68, 0x6a, 0x00, 0x39,
0x88, 0x2a, 0x40, 0xb9, 0x68, 0x6e, 0x00, 0x39, 0x88, 0xbe, 0x40, 0x39, 0x68, 0x72, 0x00, 0x39,
0x88, 0x5e, 0x40, 0x79, 0x68, 0x76, 0x00, 0x39, 0x88, 0x2e, 0x40, 0xb9, 0x08, 0x7d, 0x08, 0x53,
0x68, 0x7a, 0x00, 0x39, 0x88, 0x2e, 0x40, 0xb9, 0x68, 0x7e, 0x00, 0x39, 0xf4, 0x4f, 0x42, 0xa9,
0xff, 0xc3, 0x00, 0x91, 0xc0, 0x03, 0x5f, 0xd6, 0x73, 0x68, 0x61, 0x32, 0x35, 0x36, 0x20, 0x64,
0x69, 0x67, 0x65, 0x73, 0x74, 0x73, 0x20, 0x64, 0x6f, 0x20, 0x6e, 0x6f, 0x74, 0x20, 0x6d, 0x61,
0x74, 0x63, 0x68, 0x20, 0x3a, 0x28, 0x0a, 0x00, 0x20, 0x20, 0x20, 0x20, 0x20, 0x20, 0x20, 0x64,
0x69, 0x67, 0x65, 0x73, 0x74, 0x3a, 0x20, 0x00, 0x25, 0x68, 0x68, 0x78, 0x20, 0x00, 0x0a, 0x00,
0x73, 0x68, 0x61, 0x32, 0x35, 0x36, 0x5f, 0x64, 0x69, 0x67, 0x65, 0x73, 0x74, 0x3a, 0x20, 0x00,
0x49, 0x27, 0x6d, 0x20, 0x69, 0x6e, 0x20, 0x70, 0x75, 0x72, 0x67, 0x61, 0x74, 0x6f, 0x72, 0x79,
0x0a, 0x00, 0x30, 0x31, 0x32, 0x33, 0x34, 0x35, 0x36, 0x37, 0x38, 0x39, 0x41, 0x42, 0x43, 0x44,
0x45, 0x46, 0x00, 0x70, 0x75, 0x72, 0x67, 0x61, 0x74, 0x6f, 0x72, 0x79, 0x3a, 0x20, 0x62, 0x6f,
0x6f, 0x74, 0x69, 0x6e, 0x67, 0x20, 0x6b, 0x65, 0x72, 0x6e, 0x65, 0x6c, 0x20, 0x6e, 0x6f, 0x77,
0x0a, 0x00, 0x70, 0x75, 0x72, 0x67, 0x61, 0x74, 0x6f, 0x72, 0x79, 0x3a, 0x20, 0x65, 0x6e, 0x74,
0x72, 0x79, 0x3d, 0x25, 0x6c, 0x78, 0x0a, 0x00, 0x70, 0x75, 0x72, 0x67, 0x61, 0x74, 0x6f, 0x72,
0x79, 0x3a, 0x20, 0x64, 0x74, 0x62, 0x3d, 0x25, 0x6c, 0x78, 0x0a, 0x00, 0x00, 0x00, 0x00, 0x00,
0x00, 0x00, 0x00, 0x00, 0x00, 0x00, 0x00, 0x00, 0x01, 0x00, 0x00, 0x00, 0x00, 0x00, 0x00, 0x00,
0x67, 0xe6, 0x09, 0x6a, 0x85, 0xae, 0x67, 0xbb, 0x72, 0xf3, 0x6e, 0x3c, 0x3a, 0xf5, 0x4f, 0xa5,
0x7f, 0x52, 0x0e, 0x51, 0x8c, 0x68, 0x05, 0x9b, 0xab, 0xd9, 0x83, 0x1f, 0x19, 0xcd, 0xe0, 0x5b,
0x00, 0x00, 0x00, 0x00, 0x00, 0x00, 0x00, 0x00, 0x00, 0x00, 0x00, 0x00, 0x00, 0x00, 0x00, 0x00,
0x00, 0x00, 0x00, 0x00, 0x00, 0x00, 0x00, 0x00, 0x00, 0x00, 0x00, 0x00, 0x00, 0x00, 0x00, 0x00,
0x00, 0x00, 0x00, 0x00, 0x00, 0x00, 0x00, 0x00, 0x00, 0x00, 0x00, 0x00, 0x00, 0x00, 0x00, 0x00,
0x00, 0x00, 0x00, 0x00, 0x00, 0x00, 0x00, 0x00, 0x00, 0x00, 0x00, 0x00, 0x00, 0x00, 0x00, 0x00,
0x00, 0x00, 0x00, 0x00, 0x00, 0x00, 0x00, 0x00, 0x00, 0x00, 0x00, 0x00, 0x00, 0x00, 0x00, 0x00,
0x00, 0x00, 0x00, 0x00, 0x00, 0x00, 0x00, 0x00, 0x00, 0x00, 0x00, 0x00, 0x00, 0x00, 0x00, 0x00,
0x00, 0x00, 0x00, 0x00, 0x00, 0x00, 0x00, 0x00, 0x00, 0x00, 0x00, 0x00, 0x00, 0x00, 0x00, 0x00,
0x00, 0x00, 0x00, 0x00, 0x00, 0x00, 0x00, 0x00, 0x00, 0x00, 0x00, 0x00, 0x00, 0x00, 0x00, 0x00,
0x00, 0x00, 0x00, 0x00, 0x00, 0x00, 0x00, 0x00, 0x00, 0x00, 0x00, 0x00, 0x00, 0x00, 0x00, 0x00,
0x00, 0x00, 0x00, 0x00, 0x00, 0x00, 0x00, 0x00, 0x00, 0x00, 0x00, 0x00, 0x00, 0x00, 0x00, 0x00,
0x00, 0x00, 0x00, 0x00, 0x00, 0x00, 0x00, 0x00, 0x00, 0x00, 0x00, 0x00, 0x00, 0x00, 0x00, 0x00,
0x00, 0x00, 0x00, 0x00, 0x00, 0x00, 0x00, 0x00, 0x00, 0x00, 0x00, 0x00, 0x00, 0x00, 0x00, 0x00,
0x00, 0x00, 0x00, 0x00, 0x00, 0x00, 0x00, 0x00, 0x00, 0x00, 0x00, 0x00, 0x00, 0x00, 0x00, 0x00,
0x00, 0x00, 0x00, 0x00, 0x00, 0x00, 0x00, 0x00, 0x00, 0x00, 0x00, 0x00, 0x00, 0x00, 0x00, 0x00,
0x00, 0x00, 0x00, 0x00, 0x00, 0x00, 0x00, 0x00, 0x00, 0x00, 0x00, 0x00, 0x00, 0x00, 0x00, 0x00,
0x00, 0x00, 0x00, 0x00, 0x00, 0x00, 0x00, 0x00, 0x00, 0x00, 0x00, 0x00, 0x00, 0x00, 0x00, 0x00,
0x00, 0x00, 0x00, 0x00, 0x00, 0x00, 0x00, 0x00, 0x00, 0x00, 0x00, 0x00, 0x00, 0x00, 0x00, 0x00,
0x00, 0x00, 0x00, 0x00, 0x00, 0x00, 0x00, 0x00, 0x00, 0x00, 0x00, 0x00, 0x00, 0x00, 0x00, 0x00,
0x00, 0x00, 0x00, 0x00, 0x00, 0x00, 0x00, 0x00, 0x00, 0x00, 0x00, 0x00, 0x00, 0x00, 0x00, 0x00,
0x80, 0x00, 0x00, 0x00, 0x00, 0x00, 0x00, 0x00, 0x00, 0x00, 0x00, 0x00, 0x00, 0x00, 0x00, 0x00,
0x00, 0x00, 0x00, 0x00, 0x00, 0x00, 0x00, 0x00, 0x00, 0x00, 0x00, 0x00, 0x00, 0x00, 0x00, 0x00,
0x00, 0x00, 0x00, 0x00, 0x00, 0x00, 0x00, 0x00, 0x00, 0x00, 0x00, 0x00, 0x00, 0x00, 0x00, 0x00,
0x00, 0x00, 0x00, 0x00, 0x00, 0x00, 0x00, 0x00, 0x00, 0x00, 0x00, 0x00, 0x00, 0x00, 0x00, 0x00,
0x00, 0x00, 0x00, 0x00, 0x00, 0x00, 0x00, 0x00, 0x00, 0x41, 0x6e, 0x64, 0x72, 0x6f, 0x69, 0x64,
0x20, 0x28, 0x37, 0x32, 0x38, 0x34, 0x36, 0x32, 0x34, 0x2c, 0x20, 0x62, 0x61, 0x73, 0x65, 0x64,
0x20, 0x6f, 0x6e, 0x20, 0x72, 0x34, 0x31, 0x36, 0x31, 0x38, 0x33, 0x62, 0x29, 0x20, 0x63, 0x6c,
0x61, 0x6e, 0x67, 0x20, 0x76, 0x65, 0x72, 0x73, 0x69, 0x6f, 0x6e, 0x20, 0x31, 0x32, 0x2e, 0x30,
0x2e, 0x35, 0x20, 0x28, 0x68, 0x74, 0x74, 0x70, 0x73, 0x3a, 0x2f, 0x2f, 0x61, 0x6e, 0x64, 0x72,
0x6f, 0x69, 0x64, 0x2e, 0x67, 0x6f, 0x6f, 0x67, 0x6c, 0x65, 0x73, 0x6f, 0x75, 0x72, 0x63, 0x65,
0x2e, 0x63, 0x6f, 0x6d, 0x2f, 0x74, 0x6f, 0x6f, 0x6c, 0x63, 0x68, 0x61, 0x69, 0x6e, 0x2f, 0x6c,
0x6c, 0x76, 0x6d, 0x2d, 0x70, 0x72, 0x6f, 0x6a, 0x65, 0x63, 0x74, 0x20, 0x63, 0x39, 0x33, 0x35,
0x64, 0x39, 0x39, 0x64, 0x37, 0x63, 0x66, 0x32, 0x30, 0x31, 0x36, 0x32, 0x38, 0x39, 0x33, 0x30,
0x32, 0x34, 0x31, 0x32, 0x64, 0x37, 0x30, 0x38, 0x36, 0x34, 0x31, 0x64, 0x35, 0x32, 0x64, 0x32,
0x66, 0x37, 0x65, 0x65, 0x29, 0x00, 0x00, 0x41, 0x6e, 0x64, 0x72, 0x6f, 0x69, 0x64, 0x20, 0x28,
0x37, 0x32, 0x38, 0x34, 0x36, 0x32, 0x34, 0x2c, 0x20, 0x62, 0x61, 0x73, 0x65, 0x64, 0x20, 0x6f,
0x6e, 0x20, 0x72, 0x34, 0x31, 0x36, 0x31, 0x38, 0x33, 0x62, 0x29, 0x20, 0x63, 0x6c, 0x61, 0x6e,
0x67, 0x20, 0x76, 0x65, 0x72, 0x73, 0x69, 0x6f, 0x6e, 0x20, 0x31, 0x32, 0x2e, 0x30, 0x2e, 0x35,
0x20, 0x28, 0x68, 0x74, 0x74, 0x70, 0x73, 0x3a, 0x2f, 0x2f, 0x61, 0x6e, 0x64, 0x72, 0x6f, 0x69,
0x64, 0x2e, 0x67, 0x6f, 0x6f, 0x67, 0x6c, 0x65, 0x73, 0x6f, 0x75, 0x72, 0x63, 0x65, 0x2e, 0x63,
0x6f, 0x6d, 0x2f, 0x74, 0x6f, 0x6f, 0x6c, 0x63, 0x68, 0x61, 0x69, 0x6e, 0x2f, 0x6c, 0x6c, 0x76,
0x6d, 0x2d, 0x70, 0x72, 0x6f, 0x6a, 0x65, 0x63, 0x74, 0x20, 0x63, 0x39, 0x33, 0x35, 0x64, 0x39,
0x39, 0x64, 0x37, 0x63, 0x66, 0x32, 0x30, 0x31, 0x36, 0x32, 0x38, 0x39, 0x33, 0x30, 0x32, 0x34,
0x31, 0x32, 0x64, 0x37, 0x30, 0x38, 0x36, 0x34, 0x31, 0x64, 0x35, 0x32, 0x64, 0x32, 0x66, 0x37,
0x65, 0x65, 0x29, 0x00, 0x00, 0x41, 0x6e, 0x64, 0x72, 0x6f, 0x69, 0x64, 0x20, 0x28, 0x37, 0x32,
0x38, 0x34, 0x36, 0x32, 0x34, 0x2c, 0x20, 0x62, 0x61, 0x73, 0x65, 0x64, 0x20, 0x6f, 0x6e, 0x20,
0x72, 0x34, 0x31, 0x36, 0x31, 0x38, 0x33, 0x62, 0x29, 0x20, 0x63, 0x6c, 0x61, 0x6e, 0x67, 0x20,
0x76, 0x65, 0x72, 0x73, 0x69, 0x6f, 0x6e, 0x20, 0x31, 0x32, 0x2e, 0x30, 0x2e, 0x35, 0x20, 0x28,
0x68, 0x74, 0x74, 0x70, 0x73, 0x3a, 0x2f, 0x2f, 0x61, 0x6e, 0x64, 0x72, 0x6f, 0x69, 0x64, 0x2e,
0x67, 0x6f, 0x6f, 0x67, 0x6c, 0x65, 0x73, 0x6f, 0x75, 0x72, 0x63, 0x65, 0x2e, 0x63, 0x6f, 0x6d,
0x2f, 0x74, 0x6f, 0x6f, 0x6c, 0x63, 0x68, 0x61, 0x69, 0x6e, 0x2f, 0x6c, 0x6c, 0x76, 0x6d, 0x2d,
0x70, 0x72, 0x6f, 0x6a, 0x65, 0x63, 0x74, 0x20, 0x63, 0x39, 0x33, 0x35, 0x64, 0x39, 0x39, 0x64,
0x37, 0x63, 0x66, 0x32, 0x30, 0x31, 0x36, 0x32, 0x38, 0x39, 0x33, 0x30, 0x32, 0x34, 0x31, 0x32,
0x64, 0x37, 0x30, 0x38, 0x36, 0x34, 0x31, 0x64, 0x35, 0x32, 0x64, 0x32, 0x66, 0x37, 0x65, 0x65,
0x29, 0x00, 0x00, 0x41, 0x6e, 0x64, 0x72, 0x6f, 0x69, 0x64, 0x20, 0x28, 0x37, 0x32, 0x38, 0x34,
0x36, 0x32, 0x34, 0x2c, 0x20, 0x62, 0x61, 0x73, 0x65, 0x64, 0x20, 0x6f, 0x6e, 0x20, 0x72, 0x34,
0x31, 0x36, 0x31, 0x38, 0x33, 0x62, 0x29, 0x20, 0x63, 0x6c, 0x61, 0x6e, 0x67, 0x20, 0x76, 0x65,
0x72, 0x73, 0x69, 0x6f, 0x6e, 0x20, 0x31, 0x32, 0x2e, 0x30, 0x2e, 0x35, 0x20, 0x28, 0x68, 0x74,
0x74, 0x70, 0x73, 0x3a, 0x2f, 0x2f, 0x61, 0x6e, 0x64, 0x72, 0x6f, 0x69, 0x64, 0x2e, 0x67, 0x6f,
0x6f, 0x67, 0x6c, 0x65, 0x73, 0x6f, 0x75, 0x72, 0x63, 0x65, 0x2e, 0x63, 0x6f, 0x6d, 0x2f, 0x74,
0x6f, 0x6f, 0x6c, 0x63, 0x68, 0x61, 0x69, 0x6e, 0x2f, 0x6c, 0x6c, 0x76, 0x6d, 0x2d, 0x70, 0x72,
0x6f, 0x6a, 0x65, 0x63, 0x74, 0x20, 0x63, 0x39, 0x33, 0x35, 0x64, 0x39, 0x39, 0x64, 0x37, 0x63,
0x66, 0x32, 0x30, 0x31, 0x36, 0x32, 0x38, 0x39, 0x33, 0x30, 0x32, 0x34, 0x31, 0x32, 0x64, 0x37,
0x30, 0x38, 0x36, 0x34, 0x31, 0x64, 0x35, 0x32, 0x64, 0x32, 0x66, 0x37, 0x65, 0x65, 0x29, 0x00,
0x00, 0x41, 0x6e, 0x64, 0x72, 0x6f, 0x69, 0x64, 0x20, 0x28, 0x37, 0x32, 0x38, 0x34, 0x36, 0x32,
0x34, 0x2c, 0x20, 0x62, 0x61, 0x73, 0x65, 0x64, 0x20, 0x6f, 0x6e, 0x20, 0x72, 0x34, 0x31, 0x36,
0x31, 0x38, 0x33, 0x62, 0x29, 0x20, 0x63, 0x6c, 0x61, 0x6e, 0x67, 0x20, 0x76, 0x65, 0x72, 0x73,
0x69, 0x6f, 0x6e, 0x20, 0x31, 0x32, 0x2e, 0x30, 0x2e, 0x35, 0x20, 0x28, 0x68, 0x74, 0x74, 0x70,
0x73, 0x3a, 0x2f, 0x2f, 0x61, 0x6e, 0x64, 0x72, 0x6f, 0x69, 0x64, 0x2e, 0x67, 0x6f, 0x6f, 0x67,
0x6c, 0x65, 0x73, 0x6f, 0x75, 0x72, 0x63, 0x65, 0x2e, 0x63, 0x6f, 0x6d, 0x2f, 0x74, 0x6f, 0x6f,
0x6c, 0x63, 0x68, 0x61, 0x69, 0x6e, 0x2f, 0x6c, 0x6c, 0x76, 0x6d, 0x2d, 0x70, 0x72, 0x6f, 0x6a,
0x65, 0x63, 0x74, 0x20, 0x63, 0x39, 0x33, 0x35, 0x64, 0x39, 0x39, 0x64, 0x37, 0x63, 0x66, 0x32,
0x30, 0x31, 0x36, 0x32, 0x38, 0x39, 0x33, 0x30, 0x32, 0x34, 0x31, 0x32, 0x64, 0x37, 0x30, 0x38,
0x36, 0x34, 0x31, 0x64, 0x35, 0x32, 0x64, 0x32, 0x66, 0x37, 0x65, 0x65, 0x29, 0x00, 0x0e, 0x0c,
0x06, 0x00, 0x00, 0x00, 0x00, 0x00, 0x00, 0x00, 0x00, 0x00, 0x00, 0x00, 0x00, 0x00, 0x00, 0x00,
0x00, 0x00, 0x00, 0x00, 0x00, 0x00, 0x00, 0x00, 0x00, 0x00, 0x00, 0x00, 0x00, 0x00, 0x00, 0x00,
0x00, 0x00, 0x00, 0x00, 0x03, 0x00, 0x01, 0x00, 0x00, 0x00, 0x00, 0x00, 0x00, 0x00, 0x00, 0x00,
0x00, 0x00, 0x00, 0x00, 0x00, 0x00, 0x00, 0x00, 0x00, 0x00, 0x00, 0x00, 0x03, 0x00, 0x02, 0x00,
0x00, 0x00, 0x00, 0x00, 0x00, 0x00, 0x00, 0x00, 0x00, 0x00, 0x00, 0x00, 0x00, 0x00, 0x00, 0x00,
0x00, 0x00, 0x00, 0x00, 0x03, 0x00, 0x03, 0x00, 0x00, 0x00, 0x00, 0x00, 0x00, 0x00, 0x00, 0x00,
0x00, 0x00, 0x00, 0x00, 0x00, 0x00, 0x00, 0x00, 0x00, 0x00, 0x00, 0x00, 0x03, 0x00, 0x04, 0x00,
0x00, 0x00, 0x00, 0x00, 0x00, 0x00, 0x00, 0x00, 0x00, 0x00, 0x00, 0x00, 0x00, 0x00, 0x00, 0x00,
0x00, 0x00, 0x00, 0x00, 0x03, 0x00, 0x05, 0x00, 0x00, 0x00, 0x00, 0x00, 0x00, 0x00, 0x00, 0x00,
0x00, 0x00, 0x00, 0x00, 0x00, 0x00, 0x00, 0x00, 0x00, 0x00, 0x00, 0x00, 0x03, 0x00, 0x06, 0x00,
0x00, 0x00, 0x00, 0x00, 0x00, 0x00, 0x00, 0x00, 0x00, 0x00, 0x00, 0x00, 0x00, 0x00, 0x00, 0x00,
0x00, 0x00, 0x00, 0x00, 0x03, 0x00, 0x07, 0x00, 0x00, 0x00, 0x00, 0x00, 0x00, 0x00, 0x00, 0x00,
0x00, 0x00, 0x00, 0x00, 0x00, 0x00, 0x00, 0x00, 0x00, 0x00, 0x00, 0x00, 0x03, 0x00, 0x08, 0x00,
0x00, 0x00, 0x00, 0x00, 0x00, 0x00, 0x00, 0x00, 0x00, 0x00, 0x00, 0x00, 0x00, 0x00, 0x00, 0x00,
0x0e, 0x01, 0x00, 0x00, 0x00, 0x00, 0x04, 0x00, 0x00, 0x00, 0x00, 0x00, 0x00, 0x00, 0x00, 0x00,
0x00, 0x00, 0x00, 0x00, 0x00, 0x00, 0x00, 0x00, 0x04, 0x01, 0x00, 0x00, 0x00, 0x00, 0x02, 0x00,
0x00, 0x00, 0x00, 0x00, 0x00, 0x00, 0x00, 0x00, 0x00, 0x00, 0x00, 0x00, 0x00, 0x00, 0x00, 0x00,
0xff, 0x00, 0x00, 0x00, 0x00, 0x00, 0x06, 0x00, 0x00, 0x00, 0x00, 0x00, 0x00, 0x00, 0x00, 0x00,
0x00, 0x00, 0x00, 0x00, 0x00, 0x00, 0x00, 0x00, 0x13, 0x01, 0x00, 0x00, 0x00, 0x00, 0x01, 0x00,
0x00, 0x00, 0x00, 0x00, 0x00, 0x00, 0x00, 0x00, 0x00, 0x00, 0x00, 0x00, 0x00, 0x00, 0x00, 0x00,
0x0e, 0x01, 0x00, 0x00, 0x00, 0x00, 0x02, 0x00, 0x5a, 0x00, 0x00, 0x00, 0x00, 0x00, 0x00, 0x00,
0x00, 0x00, 0x00, 0x00, 0x00, 0x00, 0x00, 0x00, 0x04, 0x01, 0x00, 0x00, 0x00, 0x00, 0x06, 0x00,
0x9e, 0x00, 0x00, 0x00, 0x00, 0x00, 0x00, 0x00, 0x00, 0x00, 0x00, 0x00, 0x00, 0x00, 0x00, 0x00,
0x13, 0x01, 0x00, 0x00, 0x00, 0x00, 0x01, 0x00, 0x74, 0x01, 0x00, 0x00, 0x00, 0x00, 0x00, 0x00,
0x00, 0x00, 0x00, 0x00, 0x00, 0x00, 0x00, 0x00, 0x0e, 0x01, 0x00, 0x00, 0x00, 0x00, 0x03, 0x00,
0x00, 0x00, 0x00, 0x00, 0x00, 0x00, 0x00, 0x00, 0x00, 0x00, 0x00, 0x00, 0x00, 0x00, 0x00, 0x00,
0x04, 0x01, 0x00, 0x00, 0x00, 0x00, 0x06, 0x00, 0x3c, 0x01, 0x00, 0x00, 0x00, 0x00, 0x00, 0x00,
0x00, 0x00, 0x00, 0x00, 0x00, 0x00, 0x00, 0x00, 0x13, 0x01, 0x00, 0x00, 0x00, 0x00, 0x01, 0x00,
0x34, 0x06, 0x00, 0x00, 0x00, 0x00, 0x00, 0x00, 0x00, 0x00, 0x00, 0x00, 0x00, 0x00, 0x00, 0x00,
0x0e, 0x01, 0x00, 0x00, 0x00, 0x00, 0x01, 0x00, 0x50, 0x07, 0x00, 0x00, 0x00, 0x00, 0x00, 0x00,
0x00, 0x00, 0x00, 0x00, 0x00, 0x00, 0x00, 0x00, 0x04, 0x01, 0x00, 0x00, 0x00, 0x00, 0x04, 0x00,
0x20, 0x01, 0x00, 0x00, 0x00, 0x00, 0x00, 0x00, 0x00, 0x00, 0x00, 0x00, 0x00, 0x00, 0x00, 0x00,
0x13, 0x01, 0x00, 0x00, 0x00, 0x00, 0x01, 0x00, 0x20, 0x07, 0x00, 0x00, 0x00, 0x00, 0x00, 0x00,
0x00, 0x00, 0x00, 0x00, 0x00, 0x00, 0x00, 0x00, 0x0e, 0x01, 0x00, 0x00, 0x00, 0x00, 0x05, 0x00,
0x00, 0x00, 0x00, 0x00, 0x00, 0x00, 0x00, 0x00, 0x00, 0x00, 0x00, 0x00, 0x00, 0x00, 0x00, 0x00,
0x04, 0x01, 0x00, 0x00, 0x00, 0x00, 0x02, 0x00, 0x6b, 0x00, 0x00, 0x00, 0x00, 0x00, 0x00, 0x00,
0x00, 0x00, 0x00, 0x00, 0x00, 0x00, 0x00, 0x00, 0xff, 0x00, 0x00, 0x00, 0x00, 0x00, 0x06, 0x00,
0xda, 0x01, 0x00, 0x00, 0x00, 0x00, 0x00, 0x00, 0x00, 0x00, 0x00, 0x00, 0x00, 0x00, 0x00, 0x00,
0x13, 0x01, 0x00, 0x00, 0x00, 0x00, 0x01, 0x00, 0x50, 0x0f, 0x00, 0x00, 0x00, 0x00, 0x00, 0x00,
0x00, 0x00, 0x00, 0x00, 0x00, 0x00, 0x00, 0x00, 0x18, 0x01, 0x00, 0x00, 0x00, 0x00, 0x03, 0x00,
0x10, 0x00, 0x00, 0x00, 0x00, 0x00, 0x00, 0x00, 0x00, 0x00, 0x00, 0x00, 0x00, 0x00, 0x00, 0x00,
0x04, 0x01, 0x00, 0x00, 0x00, 0x00, 0x04, 0x00, 0x30, 0x01, 0x00, 0x00, 0x00, 0x00, 0x00, 0x00,
0x00, 0x00, 0x00, 0x00, 0x00, 0x00, 0x00, 0x00, 0xff, 0x00, 0x00, 0x00, 0x00, 0x00, 0x06, 0x00,
0x78, 0x02, 0x00, 0x00, 0x00, 0x00, 0x00, 0x00, 0x00, 0x00, 0x00, 0x00, 0x00, 0x00, 0x00, 0x00,
0x09, 0x01, 0x00, 0x00, 0x00, 0x00, 0x01, 0x00, 0xf4, 0x0f, 0x00, 0x00, 0x00, 0x00, 0x00, 0x00,
0x00, 0x00, 0x00, 0x00, 0x00, 0x00, 0x00, 0x00, 0xd9, 0x00, 0x00, 0x00, 0x01, 0x00, 0x04, 0x00,
0x30, 0x01, 0x00, 0x00, 0x00, 0x00, 0x00, 0x00, 0x40, 0x00, 0x00, 0x00, 0x00, 0x00, 0x00, 0x00,
0x8c, 0x00, 0x00, 0x00, 0x12, 0x00, 0x01, 0x00, 0x50, 0x0f, 0x00, 0x00, 0x00, 0x00, 0x00, 0x00,
0x34, 0x00, 0x00, 0x00, 0x00, 0x00, 0x00, 0x00, 0xea, 0x00, 0x00, 0x00, 0x12, 0x00, 0x01, 0x00,
0xb4, 0x05, 0x00, 0x00, 0x00, 0x00, 0x00, 0x00, 0x80, 0x00, 0x00, 0x00, 0x00, 0x00, 0x00, 0x00,
0xe8, 0x00, 0x00, 0x00, 0x12, 0x00, 0x01, 0x00, 0x74, 0x01, 0x00, 0x00, 0x00, 0x00, 0x00, 0x00,
0xd8, 0x03, 0x00, 0x00, 0x00, 0x00, 0x00, 0x00, 0x25, 0x00, 0x00, 0x00, 0x12, 0x00, 0x01, 0x00,
0x00, 0x00, 0x00, 0x00, 0x00, 0x00, 0x00, 0x00, 0x40, 0x01, 0x00, 0x00, 0x00, 0x00, 0x00, 0x00,
0xce, 0x00, 0x00, 0x00, 0x12, 0x00, 0x01, 0x00, 0x98, 0x0f, 0x00, 0x00, 0x00, 0x00, 0x00, 0x00,
0x5c, 0x00, 0x00, 0x00, 0x00, 0x00, 0x00, 0x00, 0x51, 0x00, 0x00, 0x00, 0x12, 0x00, 0x01, 0x00,
0xf4, 0x0f, 0x00, 0x00, 0x00, 0x00, 0x00, 0x00, 0x34, 0x00, 0x00, 0x00, 0x00, 0x00, 0x00, 0x00,
0x1e, 0x00, 0x00, 0x00, 0x12, 0x00, 0x01, 0x00, 0xcc, 0x06, 0x00, 0x00, 0x00, 0x00, 0x00, 0x00,
0x1c, 0x00, 0x00, 0x00, 0x00, 0x00, 0x00, 0x00, 0x6e, 0x00, 0x00, 0x00, 0x11, 0x00, 0x04, 0x00,
0x00, 0x00, 0x00, 0x00, 0x00, 0x00, 0x00, 0x00, 0x00, 0x01, 0x00, 0x00, 0x00, 0x00, 0x00, 0x00,
0x2c, 0x00, 0x00, 0x00, 0x11, 0x00, 0x04, 0x00, 0x00, 0x01, 0x00, 0x00, 0x00, 0x00, 0x00, 0x00,
0x20, 0x00, 0x00, 0x00, 0x00, 0x00, 0x00, 0x00, 0x9b, 0x00, 0x00, 0x00, 0x12, 0x00, 0x01, 0x00,
0x34, 0x06, 0x00, 0x00, 0x00, 0x00, 0x00, 0x00, 0x30, 0x00, 0x00, 0x00, 0x00, 0x00, 0x00, 0x00,
0x14, 0x00, 0x00, 0x00, 0x12, 0x00, 0x01, 0x00, 0x40, 0x01, 0x00, 0x00, 0x00, 0x00, 0x00, 0x00,
0x34, 0x00, 0x00, 0x00, 0x00, 0x00, 0x00, 0x00, 0xa3, 0x00, 0x00, 0x00, 0x11, 0x00, 0x05, 0x00,
0x00, 0x00, 0x00, 0x00, 0x00, 0x00, 0x00, 0x00, 0x08, 0x00, 0x00, 0x00, 0x00, 0x00, 0x00, 0x00,
0x5f, 0x00, 0x00, 0x00, 0x12, 0x00, 0x01, 0x00, 0x28, 0x10, 0x00, 0x00, 0x00, 0x00, 0x00, 0x00,
0xcc, 0x22, 0x00, 0x00, 0x00, 0x00, 0x00, 0x00, 0x94, 0x00, 0x00, 0x00, 0x12, 0x00, 0x01, 0x00,
0xe8, 0x06, 0x00, 0x00, 0x00, 0x00, 0x00, 0x00, 0x30, 0x00, 0x00, 0x00, 0x00, 0x00, 0x00, 0x00,
0x4a, 0x00, 0x00, 0x00, 0x12, 0x00, 0x01, 0x00, 0x64, 0x06, 0x00, 0x00, 0x00, 0x00, 0x00, 0x00,
0x68, 0x00, 0x00, 0x00, 0x00, 0x00, 0x00, 0x00, 0xbc, 0x00, 0x00, 0x00, 0x12, 0x00, 0x01, 0x00,
0x84, 0x0f, 0x00, 0x00, 0x00, 0x00, 0x00, 0x00, 0x14, 0x00, 0x00, 0x00, 0x00, 0x00, 0x00, 0x00,
0xe9, 0x00, 0x00, 0x00, 0x12, 0x00, 0x01, 0x00, 0x4c, 0x05, 0x00, 0x00, 0x00, 0x00, 0x00, 0x00,
0x68, 0x00, 0x00, 0x00, 0x00, 0x00, 0x00, 0x00, 0xf1, 0x00, 0x00, 0x00, 0x12, 0x00, 0x01, 0x00,
0xf4, 0x32, 0x00, 0x00, 0x00, 0x00, 0x00, 0x00, 0xe8, 0x00, 0x00, 0x00, 0x00, 0x00, 0x00, 0x00,
0x01, 0x00, 0x00, 0x00, 0x10, 0x00, 0x04, 0x00, 0x20, 0x01, 0x00, 0x00, 0x00, 0x00, 0x00, 0x00,
0x08, 0x00, 0x00, 0x00, 0x00, 0x00, 0x00, 0x00, 0xae, 0x00, 0x00, 0x00, 0x12, 0x00, 0x01, 0x00,
0xdc, 0x33, 0x00, 0x00, 0x00, 0x00, 0x00, 0x00, 0xcc, 0x01, 0x00, 0x00, 0x00, 0x00, 0x00, 0x00,
0x3a, 0x00, 0x00, 0x00, 0x10, 0x00, 0x01, 0x00, 0x20, 0x07, 0x00, 0x00, 0x00, 0x00, 0x00, 0x00,
0x24, 0x00, 0x00, 0x00, 0x00, 0x00, 0x00, 0x00, 0x7d, 0x00, 0x00, 0x00, 0x10, 0x00, 0x04, 0x00,
0x28, 0x01, 0x00, 0x00, 0x00, 0x00, 0x00, 0x00, 0x08, 0x00, 0x00, 0x00, 0x00, 0x00, 0x00, 0x00,
0x00, 0x61, 0x72, 0x6d, 0x36, 0x34, 0x5f, 0x6b, 0x65, 0x72, 0x6e, 0x65, 0x6c, 0x5f, 0x65, 0x6e,
0x74, 0x72, 0x79, 0x00, 0x70, 0x75, 0x72, 0x67, 0x61, 0x74, 0x6f, 0x72, 0x79, 0x00, 0x6d, 0x65,
0x6d, 0x63, 0x70, 0x79, 0x00, 0x76, 0x65, 0x72, 0x69, 0x66, 0x79, 0x5f, 0x73, 0x68, 0x61, 0x32,
0x35, 0x36, 0x5f, 0x64, 0x69, 0x67, 0x65, 0x73, 0x74, 0x00, 0x70, 0x75, 0x72, 0x67, 0x61, 0x74,
0x6f, 0x72, 0x79, 0x5f, 0x73, 0x74, 0x61, 0x72, 0x74, 0x00, 0x6d, 0x65, 0x6d, 0x73, 0x65, 0x74,
0x00, 0x73, 0x68, 0x61, 0x32, 0x35, 0x36, 0x5f, 0x73, 0x74, 0x61, 0x72, 0x74, 0x73, 0x00, 0x73,
0x68, 0x61, 0x32, 0x35, 0x36, 0x5f, 0x70, 0x72, 0x6f, 0x63, 0x65, 0x73, 0x73, 0x00, 0x73, 0x68,
0x61, 0x32, 0x35, 0x36, 0x5f, 0x72, 0x65, 0x67, 0x69, 0x6f, 0x6e, 0x73, 0x00, 0x61, 0x72, 0x6d,
0x36, 0x34, 0x5f, 0x64, 0x74, 0x62, 0x5f, 0x61, 0x64, 0x64, 0x72, 0x00, 0x70, 0x75, 0x74, 0x63,
0x68, 0x61, 0x72, 0x00, 0x6d, 0x65, 0x6d, 0x63, 0x6d, 0x70, 0x00, 0x73, 0x74, 0x72, 0x6e, 0x6c,
0x65, 0x6e, 0x00, 0x61, 0x72, 0x6d, 0x36, 0x34, 0x5f, 0x73, 0x69, 0x6e, 0x6b, 0x00, 0x73, 0x68,
0x61, 0x32, 0x35, 0x36, 0x5f, 0x66, 0x69, 0x6e, 0x69, 0x73, 0x68, 0x00, 0x70, 0x6f, 0x73, 0x74,
0x5f, 0x76, 0x65, 0x72, 0x69, 0x66, 0x69, 0x63, 0x61, 0x74, 0x69, 0x6f, 0x6e, 0x5f, 0x73, 0x65,
0x74, 0x75, 0x70, 0x5f, 0x61, 0x72, 0x63, 0x68, 0x00, 0x73, 0x68, 0x61, 0x32, 0x35, 0x36, 0x5f,
0x70, 0x61, 0x64, 0x64, 0x69, 0x6e, 0x67, 0x00, 0x76, 0x73, 0x70, 0x72, 0x69, 0x6e, 0x74, 0x66,
0x00, 0x73, 0x68, 0x61, 0x32, 0x35, 0x36, 0x5f, 0x75, 0x70, 0x64, 0x61, 0x74, 0x65, 0x00, 0x24,
0x64, 0x2e, 0x33, 0x00, 0x24, 0x64, 0x2e, 0x32, 0x00, 0x24, 0x78, 0x2e, 0x31, 0x00, 0x24, 0x64,
0x2e, 0x31, 0x00, 0x24, 0x78, 0x2e, 0x30, 0x00, 0x24, 0x64, 0x2e, 0x30, 0x00, 0x00, 0x00, 0x00,
0x18, 0x00, 0x00, 0x00, 0x00, 0x00, 0x00, 0x00, 0x1b, 0x01, 0x00, 0x00, 0x24, 0x00, 0x00, 0x00,
0x00, 0x00, 0x00, 0x00, 0x00, 0x00, 0x00, 0x00, 0x1c, 0x00, 0x00, 0x00, 0x00, 0x00, 0x00, 0x00,
0x08, 0x01, 0x00, 0x00, 0x26, 0x00, 0x00, 0x00, 0x00, 0x00, 0x00, 0x00, 0x00, 0x00, 0x00, 0x00,
0x20, 0x00, 0x00, 0x00, 0x00, 0x00, 0x00, 0x00, 0x08, 0x01, 0x00, 0x00, 0x26, 0x00, 0x00, 0x00,
0x00, 0x01, 0x00, 0x00, 0x00, 0x00, 0x00, 0x00, 0x24, 0x00, 0x00, 0x00, 0x00, 0x00, 0x00, 0x00,
0x0a, 0x01, 0x00, 0x00, 0x26, 0x00, 0x00, 0x00, 0x00, 0x00, 0x00, 0x00, 0x00, 0x00, 0x00, 0x00,
0x28, 0x00, 0x00, 0x00, 0x00, 0x00, 0x00, 0x00, 0x0a, 0x01, 0x00, 0x00, 0x26, 0x00, 0x00, 0x00,
0x00, 0x01, 0x00, 0x00, 0x00, 0x00, 0x00, 0x00, 0x2c, 0x00, 0x00, 0x00, 0x00, 0x00, 0x00, 0x00,
0x0c, 0x01, 0x00, 0x00, 0x26, 0x00, 0x00, 0x00, 0x00, 0x00, 0x00, 0x00, 0x00, 0x00, 0x00, 0x00,
0x30, 0x00, 0x00, 0x00, 0x00, 0x00, 0x00, 0x00, 0x0c, 0x01, 0x00, 0x00, 0x26, 0x00, 0x00, 0x00,
0x00, 0x01, 0x00, 0x00, 0x00, 0x00, 0x00, 0x00, 0x34, 0x00, 0x00, 0x00, 0x00, 0x00, 0x00, 0x00,
0x0d, 0x01, 0x00, 0x00, 0x26, 0x00, 0x00, 0x00, 0x00, 0x00, 0x00, 0x00, 0x00, 0x00, 0x00, 0x00,
0x38, 0x00, 0x00, 0x00, 0x00, 0x00, 0x00, 0x00, 0x0d, 0x01, 0x00, 0x00, 0x26, 0x00, 0x00, 0x00,
0x00, 0x01, 0x00, 0x00, 0x00, 0x00, 0x00, 0x00, 0x44, 0x00, 0x00, 0x00, 0x00, 0x00, 0x00, 0x00,
0x1b, 0x01, 0x00, 0x00, 0x30, 0x00, 0x00, 0x00, 0x00, 0x00, 0x00, 0x00, 0x00, 0x00, 0x00, 0x00,
0x5c, 0x00, 0x00, 0x00, 0x00, 0x00, 0x00, 0x00, 0x1b, 0x01, 0x00, 0x00, 0x32, 0x00, 0x00, 0x00,
0x00, 0x00, 0x00, 0x00, 0x00, 0x00, 0x00, 0x00, 0x60, 0x00, 0x00, 0x00, 0x00, 0x00, 0x00, 0x00,
0x08, 0x01, 0x00, 0x00, 0x27, 0x00, 0x00, 0x00, 0x00, 0x00, 0x00, 0x00, 0x00, 0x00, 0x00, 0x00,
0x64, 0x00, 0x00, 0x00, 0x00, 0x00, 0x00, 0x00, 0x0a, 0x01, 0x00, 0x00, 0x27, 0x00, 0x00, 0x00,
0x00, 0x00, 0x00, 0x00, 0x00, 0x00, 0x00, 0x00, 0x68, 0x00, 0x00, 0x00, 0x00, 0x00, 0x00, 0x00,
0x0c, 0x01, 0x00, 0x00, 0x27, 0x00, 0x00, 0x00, 0x00, 0x00, 0x00, 0x00, 0x00, 0x00, 0x00, 0x00,
0x6c, 0x00, 0x00, 0x00, 0x00, 0x00, 0x00, 0x00, 0x0d, 0x01, 0x00, 0x00, 0x27, 0x00, 0x00, 0x00,
0x00, 0x00, 0x00, 0x00, 0x00, 0x00, 0x00, 0x00, 0x7c, 0x00, 0x00, 0x00, 0x00, 0x00, 0x00, 0x00,
0x1b, 0x01, 0x00, 0x00, 0x2c, 0x00, 0x00, 0x00, 0x00, 0x00, 0x00, 0x00, 0x00, 0x00, 0x00, 0x00,
0x84, 0x00, 0x00, 0x00, 0x00, 0x00, 0x00, 0x00, 0x08, 0x01, 0x00, 0x00, 0x02, 0x00, 0x00, 0x00,
0x00, 0x00, 0x00, 0x00, 0x00, 0x00, 0x00, 0x00, 0x88, 0x00, 0x00, 0x00, 0x00, 0x00, 0x00, 0x00,
0x0a, 0x01, 0x00, 0x00, 0x02, 0x00, 0x00, 0x00, 0x00, 0x00, 0x00, 0x00, 0x00, 0x00, 0x00, 0x00,
0x8c, 0x00, 0x00, 0x00, 0x00, 0x00, 0x00, 0x00, 0x0c, 0x01, 0x00, 0x00, 0x02, 0x00, 0x00, 0x00,
0x00, 0x00, 0x00, 0x00, 0x00, 0x00, 0x00, 0x00, 0x90, 0x00, 0x00, 0x00, 0x00, 0x00, 0x00, 0x00,
0x0d, 0x01, 0x00, 0x00, 0x02, 0x00, 0x00, 0x00, 0x00, 0x00, 0x00, 0x00, 0x00, 0x00, 0x00, 0x00,
0x94, 0x00, 0x00, 0x00, 0x00, 0x00, 0x00, 0x00, 0x1b, 0x01, 0x00, 0x00, 0x20, 0x00, 0x00, 0x00,
0x00, 0x00, 0x00, 0x00, 0x00, 0x00, 0x00, 0x00, 0x98, 0x00, 0x00, 0x00, 0x00, 0x00, 0x00, 0x00,
0x08, 0x01, 0x00, 0x00, 0x02, 0x00, 0x00, 0x00, 0x20, 0x00, 0x00, 0x00, 0x00, 0x00, 0x00, 0x00,
0x9c, 0x00, 0x00, 0x00, 0x00, 0x00, 0x00, 0x00, 0x0a, 0x01, 0x00, 0x00, 0x02, 0x00, 0x00, 0x00,
0x20, 0x00, 0x00, 0x00, 0x00, 0x00, 0x00, 0x00, 0xa0, 0x00, 0x00, 0x00, 0x00, 0x00, 0x00, 0x00,
0x0c, 0x01, 0x00, 0x00, 0x02, 0x00, 0x00, 0x00, 0x20, 0x00, 0x00, 0x00, 0x00, 0x00, 0x00, 0x00,
0xa4, 0x00, 0x00, 0x00, 0x00, 0x00, 0x00, 0x00, 0x0d, 0x01, 0x00, 0x00, 0x02, 0x00, 0x00, 0x00,
0x20, 0x00, 0x00, 0x00, 0x00, 0x00, 0x00, 0x00, 0xa8, 0x00, 0x00, 0x00, 0x00, 0x00, 0x00, 0x00,
0x1b, 0x01, 0x00, 0x00, 0x20, 0x00, 0x00, 0x00, 0x00, 0x00, 0x00, 0x00, 0x00, 0x00, 0x00, 0x00,
0xac, 0x00, 0x00, 0x00, 0x00, 0x00, 0x00, 0x00, 0x08, 0x01, 0x00, 0x00, 0x02, 0x00, 0x00, 0x00,
0x30, 0x00, 0x00, 0x00, 0x00, 0x00, 0x00, 0x00, 0xb0, 0x00, 0x00, 0x00, 0x00, 0x00, 0x00, 0x00,
0x0a, 0x01, 0x00, 0x00, 0x02, 0x00, 0x00, 0x00, 0x30, 0x00, 0x00, 0x00, 0x00, 0x00, 0x00, 0x00,
0xb4, 0x00, 0x00, 0x00, 0x00, 0x00, 0x00, 0x00, 0x0c, 0x01, 0x00, 0x00, 0x02, 0x00, 0x00, 0x00,
0x30, 0x00, 0x00, 0x00, 0x00, 0x00, 0x00, 0x00, 0xbc, 0x00, 0x00, 0x00, 0x00, 0x00, 0x00, 0x00,
0x0d, 0x01, 0x00, 0x00, 0x02, 0x00, 0x00, 0x00, 0x30, 0x00, 0x00, 0x00, 0x00, 0x00, 0x00, 0x00,
0xc8, 0x00, 0x00, 0x00, 0x00, 0x00, 0x00, 0x00, 0x1b, 0x01, 0x00, 0x00, 0x20, 0x00, 0x00, 0x00,
0x00, 0x00, 0x00, 0x00, 0x00, 0x00, 0x00, 0x00, 0xd8, 0x00, 0x00, 0x00, 0x00, 0x00, 0x00, 0x00,
0x08, 0x01, 0x00, 0x00, 0x02, 0x00, 0x00, 0x00, 0x36, 0x00, 0x00, 0x00, 0x00, 0x00, 0x00, 0x00,
0xdc, 0x00, 0x00, 0x00, 0x00, 0x00, 0x00, 0x00, 0x0a, 0x01, 0x00, 0x00, 0x02, 0x00, 0x00, 0x00,
0x36, 0x00, 0x00, 0x00, 0x00, 0x00, 0x00, 0x00, 0xe0, 0x00, 0x00, 0x00, 0x00, 0x00, 0x00, 0x00,
0x0c, 0x01, 0x00, 0x00, 0x02, 0x00, 0x00, 0x00, 0x36, 0x00, 0x00, 0x00, 0x00, 0x00, 0x00, 0x00,
0xe4, 0x00, 0x00, 0x00, 0x00, 0x00, 0x00, 0x00, 0x0d, 0x01, 0x00, 0x00, 0x02, 0x00, 0x00, 0x00,
0x36, 0x00, 0x00, 0x00, 0x00, 0x00, 0x00, 0x00, 0xec, 0x00, 0x00, 0x00, 0x00, 0x00, 0x00, 0x00,
0x1b, 0x01, 0x00, 0x00, 0x20, 0x00, 0x00, 0x00, 0x00, 0x00, 0x00, 0x00, 0x00, 0x00, 0x00, 0x00,
0xf0, 0x00, 0x00, 0x00, 0x00, 0x00, 0x00, 0x00, 0x08, 0x01, 0x00, 0x00, 0x02, 0x00, 0x00, 0x00,
0x38, 0x00, 0x00, 0x00, 0x00, 0x00, 0x00, 0x00, 0xf4, 0x00, 0x00, 0x00, 0x00, 0x00, 0x00, 0x00,
0x0a, 0x01, 0x00, 0x00, 0x02, 0x00, 0x00, 0x00, 0x38, 0x00, 0x00, 0x00, 0x00, 0x00, 0x00, 0x00,
0xf8, 0x00, 0x00, 0x00, 0x00, 0x00, 0x00, 0x00, 0x0c, 0x01, 0x00, 0x00, 0x02, 0x00, 0x00, 0x00,
0x38, 0x00, 0x00, 0x00, 0x00, 0x00, 0x00, 0x00, 0xfc, 0x00, 0x00, 0x00, 0x00, 0x00, 0x00, 0x00,
0x0d, 0x01, 0x00, 0x00, 0x02, 0x00, 0x00, 0x00, 0x38, 0x00, 0x00, 0x00, 0x00, 0x00, 0x00, 0x00,
0x00, 0x01, 0x00, 0x00, 0x00, 0x00, 0x00, 0x00, 0x1b, 0x01, 0x00, 0x00, 0x20, 0x00, 0x00, 0x00,
0x00, 0x00, 0x00, 0x00, 0x00, 0x00, 0x00, 0x00, 0x10, 0x01, 0x00, 0x00, 0x00, 0x00, 0x00, 0x00,
0x1b, 0x01, 0x00, 0x00, 0x20, 0x00, 0x00, 0x00, 0x00, 0x00, 0x00, 0x00, 0x00, 0x00, 0x00, 0x00,
0x24, 0x01, 0x00, 0x00, 0x00, 0x00, 0x00, 0x00, 0x1b, 0x01, 0x00, 0x00, 0x20, 0x00, 0x00, 0x00,
0x00, 0x00, 0x00, 0x00, 0x00, 0x00, 0x00, 0x00, 0x44, 0x01, 0x00, 0x00, 0x00, 0x00, 0x00, 0x00,
0x08, 0x01, 0x00, 0x00, 0x02, 0x00, 0x00, 0x00, 0x48, 0x00, 0x00, 0x00, 0x00, 0x00, 0x00, 0x00,
0x48, 0x01, 0x00, 0x00, 0x00, 0x00, 0x00, 0x00, 0x0a, 0x01, 0x00, 0x00, 0x02, 0x00, 0x00, 0x00,
0x48, 0x00, 0x00, 0x00, 0x00, 0x00, 0x00, 0x00, 0x4c, 0x01, 0x00, 0x00, 0x00, 0x00, 0x00, 0x00,
0x0c, 0x01, 0x00, 0x00, 0x02, 0x00, 0x00, 0x00, 0x48, 0x00, 0x00, 0x00, 0x00, 0x00, 0x00, 0x00,
0x50, 0x01, 0x00, 0x00, 0x00, 0x00, 0x00, 0x00, 0x0d, 0x01, 0x00, 0x00, 0x02, 0x00, 0x00, 0x00,
0x48, 0x00, 0x00, 0x00, 0x00, 0x00, 0x00, 0x00, 0x58, 0x01, 0x00, 0x00, 0x00, 0x00, 0x00, 0x00,
0x1b, 0x01, 0x00, 0x00, 0x20, 0x00, 0x00, 0x00, 0x00, 0x00, 0x00, 0x00, 0x00, 0x00, 0x00, 0x00,
0x5c, 0x01, 0x00, 0x00, 0x00, 0x00, 0x00, 0x00, 0x1b, 0x01, 0x00, 0x00, 0x23, 0x00, 0x00, 0x00,
0x00, 0x00, 0x00, 0x00, 0x00, 0x00, 0x00, 0x00, 0x60, 0x01, 0x00, 0x00, 0x00, 0x00, 0x00, 0x00,
0x1b, 0x01, 0x00, 0x00, 0x22, 0x00, 0x00, 0x00, 0x00, 0x00, 0x00, 0x00, 0x00, 0x00, 0x00, 0x00,
0x70, 0x01, 0x00, 0x00, 0x00, 0x00, 0x00, 0x00, 0x1a, 0x01, 0x00, 0x00, 0x2e, 0x00, 0x00, 0x00,
0x00, 0x00, 0x00, 0x00, 0x00, 0x00, 0x00, 0x00, 0x84, 0x02, 0x00, 0x00, 0x00, 0x00, 0x00, 0x00,
0x1b, 0x01, 0x00, 0x00, 0x1f, 0x00, 0x00, 0x00, 0x00, 0x00, 0x00, 0x00, 0x00, 0x00, 0x00, 0x00,
0x9c, 0x02, 0x00, 0x00, 0x00, 0x00, 0x00, 0x00, 0x1b, 0x01, 0x00, 0x00, 0x1f, 0x00, 0x00, 0x00,
0x00, 0x00, 0x00, 0x00, 0x00, 0x00, 0x00, 0x00, 0x88, 0x03, 0x00, 0x00, 0x00, 0x00, 0x00, 0x00,
0x08, 0x01, 0x00, 0x00, 0x02, 0x00, 0x00, 0x00, 0x5a, 0x00, 0x00, 0x00, 0x00, 0x00, 0x00, 0x00,
0x8c, 0x03, 0x00, 0x00, 0x00, 0x00, 0x00, 0x00, 0x0a, 0x01, 0x00, 0x00, 0x02, 0x00, 0x00, 0x00,
0x5a, 0x00, 0x00, 0x00, 0x00, 0x00, 0x00, 0x00, 0x94, 0x03, 0x00, 0x00, 0x00, 0x00, 0x00, 0x00,
0x0c, 0x01, 0x00, 0x00, 0x02, 0x00, 0x00, 0x00, 0x5a, 0x00, 0x00, 0x00, 0x00, 0x00, 0x00, 0x00,
0x9c, 0x03, 0x00, 0x00, 0x00, 0x00, 0x00, 0x00, 0x0d, 0x01, 0x00, 0x00, 0x02, 0x00, 0x00, 0x00,
0x5a, 0x00, 0x00, 0x00, 0x00, 0x00, 0x00, 0x00, 0x20, 0x04, 0x00, 0x00, 0x00, 0x00, 0x00, 0x00,
0x1b, 0x01, 0x00, 0x00, 0x1f, 0x00, 0x00, 0x00, 0x00, 0x00, 0x00, 0x00, 0x00, 0x00, 0x00, 0x00,
0xa4, 0x05, 0x00, 0x00, 0x00, 0x00, 0x00, 0x00, 0x1b, 0x01, 0x00, 0x00, 0x21, 0x00, 0x00, 0x00,
0x00, 0x00, 0x00, 0x00, 0x00, 0x00, 0x00, 0x00, 0x20, 0x06, 0x00, 0x00, 0x00, 0x00, 0x00, 0x00,
0x1b, 0x01, 0x00, 0x00, 0x21, 0x00, 0x00, 0x00, 0x00, 0x00, 0x00, 0x00, 0x00, 0x00, 0x00, 0x00,
0x68, 0x06, 0x00, 0x00, 0x00, 0x00, 0x00, 0x00, 0x08, 0x01, 0x00, 0x00, 0x03, 0x00, 0x00, 0x00,
0x00, 0x00, 0x00, 0x00, 0x00, 0x00, 0x00, 0x00, 0x6c, 0x06, 0x00, 0x00, 0x00, 0x00, 0x00, 0x00,
0x0a, 0x01, 0x00, 0x00, 0x03, 0x00, 0x00, 0x00, 0x00, 0x00, 0x00, 0x00, 0x00, 0x00, 0x00, 0x00,
0x70, 0x06, 0x00, 0x00, 0x00, 0x00, 0x00, 0x00, 0x0c, 0x01, 0x00, 0x00, 0x03, 0x00, 0x00, 0x00,
0x00, 0x00, 0x00, 0x00, 0x00, 0x00, 0x00, 0x00, 0x74, 0x06, 0x00, 0x00, 0x00, 0x00, 0x00, 0x00,
0x0d, 0x01, 0x00, 0x00, 0x03, 0x00, 0x00, 0x00, 0x00, 0x00, 0x00, 0x00, 0x00, 0x00, 0x00, 0x00,
0x28, 0x07, 0x00, 0x00, 0x00, 0x00, 0x00, 0x00, 0x1b, 0x01, 0x00, 0x00, 0x29, 0x00, 0x00, 0x00,
0x00, 0x00, 0x00, 0x00, 0x00, 0x00, 0x00, 0x00, 0x2c, 0x07, 0x00, 0x00, 0x00, 0x00, 0x00, 0x00,
0x11, 0x01, 0x00, 0x00, 0x31, 0x00, 0x00, 0x00, 0x00, 0x00, 0x00, 0x00, 0x00, 0x00, 0x00, 0x00,
0x30, 0x07, 0x00, 0x00, 0x00, 0x00, 0x00, 0x00, 0x11, 0x01, 0x00, 0x00, 0x34, 0x00, 0x00, 0x00,
0x00, 0x00, 0x00, 0x00, 0x00, 0x00, 0x00, 0x00, 0x50, 0x0f, 0x00, 0x00, 0x00, 0x00, 0x00, 0x00,
0x08, 0x01, 0x00, 0x00, 0x2a, 0x00, 0x00, 0x00, 0x00, 0x00, 0x00, 0x00, 0x00, 0x00, 0x00, 0x00,
0x54, 0x0f, 0x00, 0x00, 0x00, 0x00, 0x00, 0x00, 0x0a, 0x01, 0x00, 0x00, 0x2a, 0x00, 0x00, 0x00,
0x00, 0x00, 0x00, 0x00, 0x00, 0x00, 0x00, 0x00, 0x58, 0x0f, 0x00, 0x00, 0x00, 0x00, 0x00, 0x00,
0x0c, 0x01, 0x00, 0x00, 0x2a, 0x00, 0x00, 0x00, 0x00, 0x00, 0x00, 0x00, 0x00, 0x00, 0x00, 0x00,
0x5c, 0x0f, 0x00, 0x00, 0x00, 0x00, 0x00, 0x00, 0x0d, 0x01, 0x00, 0x00, 0x2a, 0x00, 0x00, 0x00,
0x00, 0x00, 0x00, 0x00, 0x00, 0x00, 0x00, 0x00, 0x84, 0x0f, 0x00, 0x00, 0x00, 0x00, 0x00, 0x00,
0x08, 0x01, 0x00, 0x00, 0x02, 0x00, 0x00, 0x00, 0x6b, 0x00, 0x00, 0x00, 0x00, 0x00, 0x00, 0x00,
0x88, 0x0f, 0x00, 0x00, 0x00, 0x00, 0x00, 0x00, 0x0a, 0x01, 0x00, 0x00, 0x02, 0x00, 0x00, 0x00,
0x6b, 0x00, 0x00, 0x00, 0x00, 0x00, 0x00, 0x00, 0x8c, 0x0f, 0x00, 0x00, 0x00, 0x00, 0x00, 0x00,
0x0c, 0x01, 0x00, 0x00, 0x02, 0x00, 0x00, 0x00, 0x6b, 0x00, 0x00, 0x00, 0x00, 0x00, 0x00, 0x00,
0x90, 0x0f, 0x00, 0x00, 0x00, 0x00, 0x00, 0x00, 0x0d, 0x01, 0x00, 0x00, 0x02, 0x00, 0x00, 0x00,
0x6b, 0x00, 0x00, 0x00, 0x00, 0x00, 0x00, 0x00, 0x94, 0x0f, 0x00, 0x00, 0x00, 0x00, 0x00, 0x00,
0x1a, 0x01, 0x00, 0x00, 0x20, 0x00, 0x00, 0x00, 0x00, 0x00, 0x00, 0x00, 0x00, 0x00, 0x00, 0x00,
0x9c, 0x0f, 0x00, 0x00, 0x00, 0x00, 0x00, 0x00, 0x08, 0x01, 0x00, 0x00, 0x31, 0x00, 0x00, 0x00,
0x00, 0x00, 0x00, 0x00, 0x00, 0x00, 0x00, 0x00, 0xa0, 0x0f, 0x00, 0x00, 0x00, 0x00, 0x00, 0x00,
0x0a, 0x01, 0x00, 0x00, 0x31, 0x00, 0x00, 0x00, 0x00, 0x00, 0x00, 0x00, 0x00, 0x00, 0x00, 0x00,
0xa4, 0x0f, 0x00, 0x00, 0x00, 0x00, 0x00, 0x00, 0x0c, 0x01, 0x00, 0x00, 0x31, 0x00, 0x00, 0x00,
0x00, 0x00, 0x00, 0x00, 0x00, 0x00, 0x00, 0x00, 0xa8, 0x0f, 0x00, 0x00, 0x00, 0x00, 0x00, 0x00,
0x0d, 0x01, 0x00, 0x00, 0x31, 0x00, 0x00, 0x00, 0x00, 0x00, 0x00, 0x00, 0x00, 0x00, 0x00, 0x00,
0xb0, 0x0f, 0x00, 0x00, 0x00, 0x00, 0x00, 0x00, 0x08, 0x01, 0x00, 0x00, 0x02, 0x00, 0x00, 0x00,
0x8a, 0x00, 0x00, 0x00, 0x00, 0x00, 0x00, 0x00, 0xb4, 0x0f, 0x00, 0x00, 0x00, 0x00, 0x00, 0x00,
0x0a, 0x01, 0x00, 0x00, 0x02, 0x00, 0x00, 0x00, 0x8a, 0x00, 0x00, 0x00, 0x00, 0x00, 0x00, 0x00,
0xb8, 0x0f, 0x00, 0x00, 0x00, 0x00, 0x00, 0x00, 0x0c, 0x01, 0x00, 0x00, 0x02, 0x00, 0x00, 0x00,
0x8a, 0x00, 0x00, 0x00, 0x00, 0x00, 0x00, 0x00, 0xbc, 0x0f, 0x00, 0x00, 0x00, 0x00, 0x00, 0x00,
0x0d, 0x01, 0x00, 0x00, 0x02, 0x00, 0x00, 0x00, 0x8a, 0x00, 0x00, 0x00, 0x00, 0x00, 0x00, 0x00,
0xc4, 0x0f, 0x00, 0x00, 0x00, 0x00, 0x00, 0x00, 0x1b, 0x01, 0x00, 0x00, 0x20, 0x00, 0x00, 0x00,
0x00, 0x00, 0x00, 0x00, 0x00, 0x00, 0x00, 0x00, 0xc8, 0x0f, 0x00, 0x00, 0x00, 0x00, 0x00, 0x00,
0x08, 0x01, 0x00, 0x00, 0x34, 0x00, 0x00, 0x00, 0x00, 0x00, 0x00, 0x00, 0x00, 0x00, 0x00, 0x00,
0xcc, 0x0f, 0x00, 0x00, 0x00, 0x00, 0x00, 0x00, 0x0a, 0x01, 0x00, 0x00, 0x34, 0x00, 0x00, 0x00,
0x00, 0x00, 0x00, 0x00, 0x00, 0x00, 0x00, 0x00, 0xd0, 0x0f, 0x00, 0x00, 0x00, 0x00, 0x00, 0x00,
0x0c, 0x01, 0x00, 0x00, 0x34, 0x00, 0x00, 0x00, 0x00, 0x00, 0x00, 0x00, 0x00, 0x00, 0x00, 0x00,
0xd4, 0x0f, 0x00, 0x00, 0x00, 0x00, 0x00, 0x00, 0x0d, 0x01, 0x00, 0x00, 0x34, 0x00, 0x00, 0x00,
0x00, 0x00, 0x00, 0x00, 0x00, 0x00, 0x00, 0x00, 0xdc, 0x0f, 0x00, 0x00, 0x00, 0x00, 0x00, 0x00,
0x08, 0x01, 0x00, 0x00, 0x02, 0x00, 0x00, 0x00, 0xa0, 0x00, 0x00, 0x00, 0x00, 0x00, 0x00, 0x00,
0xe0, 0x0f, 0x00, 0x00, 0x00, 0x00, 0x00, 0x00, 0x0a, 0x01, 0x00, 0x00, 0x02, 0x00, 0x00, 0x00,
0xa0, 0x00, 0x00, 0x00, 0x00, 0x00, 0x00, 0x00, 0xe4, 0x0f, 0x00, 0x00, 0x00, 0x00, 0x00, 0x00,
0x0c, 0x01, 0x00, 0x00, 0x02, 0x00, 0x00, 0x00, 0xa0, 0x00, 0x00, 0x00, 0x00, 0x00, 0x00, 0x00,
0xe8, 0x0f, 0x00, 0x00, 0x00, 0x00, 0x00, 0x00, 0x0d, 0x01, 0x00, 0x00, 0x02, 0x00, 0x00, 0x00,
0xa0, 0x00, 0x00, 0x00, 0x00, 0x00, 0x00, 0x00, 0xf0, 0x0f, 0x00, 0x00, 0x00, 0x00, 0x00, 0x00,
0x1a, 0x01, 0x00, 0x00, 0x20, 0x00, 0x00, 0x00, 0x00, 0x00, 0x00, 0x00, 0x00, 0x00, 0x00, 0x00,
0xf4, 0x0f, 0x00, 0x00, 0x00, 0x00, 0x00, 0x00, 0x08, 0x01, 0x00, 0x00, 0x03, 0x00, 0x00, 0x00,
0x10, 0x00, 0x00, 0x00, 0x00, 0x00, 0x00, 0x00, 0xf8, 0x0f, 0x00, 0x00, 0x00, 0x00, 0x00, 0x00,
0x08, 0x01, 0x00, 0x00, 0x03, 0x00, 0x00, 0x00, 0x20, 0x00, 0x00, 0x00, 0x00, 0x00, 0x00, 0x00,
0xfc, 0x0f, 0x00, 0x00, 0x00, 0x00, 0x00, 0x00, 0x0a, 0x01, 0x00, 0x00, 0x03, 0x00, 0x00, 0x00,
0x10, 0x00, 0x00, 0x00, 0x00, 0x00, 0x00, 0x00, 0x00, 0x10, 0x00, 0x00, 0x00, 0x00, 0x00, 0x00,
0x0a, 0x01, 0x00, 0x00, 0x03, 0x00, 0x00, 0x00, 0x20, 0x00, 0x00, 0x00, 0x00, 0x00, 0x00, 0x00,
0x04, 0x10, 0x00, 0x00, 0x00, 0x00, 0x00, 0x00, 0x0c, 0x01, 0x00, 0x00, 0x03, 0x00, 0x00, 0x00,
0x10, 0x00, 0x00, 0x00, 0x00, 0x00, 0x00, 0x00, 0x08, 0x10, 0x00, 0x00, 0x00, 0x00, 0x00, 0x00,
0x0c, 0x01, 0x00, 0x00, 0x03, 0x00, 0x00, 0x00, 0x20, 0x00, 0x00, 0x00, 0x00, 0x00, 0x00, 0x00,
0x0c, 0x10, 0x00, 0x00, 0x00, 0x00, 0x00, 0x00, 0x0d, 0x01, 0x00, 0x00, 0x03, 0x00, 0x00, 0x00,
0x10, 0x00, 0x00, 0x00, 0x00, 0x00, 0x00, 0x00, 0x10, 0x10, 0x00, 0x00, 0x00, 0x00, 0x00, 0x00,
0x0d, 0x01, 0x00, 0x00, 0x03, 0x00, 0x00, 0x00, 0x20, 0x00, 0x00, 0x00, 0x00, 0x00, 0x00, 0x00,
0x60, 0x33, 0x00, 0x00, 0x00, 0x00, 0x00, 0x00, 0x1b, 0x01, 0x00, 0x00, 0x25, 0x00, 0x00, 0x00,
0x00, 0x00, 0x00, 0x00, 0x00, 0x00, 0x00, 0x00, 0x6c, 0x33, 0x00, 0x00, 0x00, 0x00, 0x00, 0x00,
0x1b, 0x01, 0x00, 0x00, 0x2b, 0x00, 0x00, 0x00, 0x00, 0x00, 0x00, 0x00, 0x00, 0x00, 0x00, 0x00,
0x8c, 0x33, 0x00, 0x00, 0x00, 0x00, 0x00, 0x00, 0x1b, 0x01, 0x00, 0x00, 0x2b, 0x00, 0x00, 0x00,
0x00, 0x00, 0x00, 0x00, 0x00, 0x00, 0x00, 0x00, 0xc4, 0x33, 0x00, 0x00, 0x00, 0x00, 0x00, 0x00,
0x1a, 0x01, 0x00, 0x00, 0x25, 0x00, 0x00, 0x00, 0x00, 0x00, 0x00, 0x00, 0x00, 0x00, 0x00, 0x00,
0xec, 0x33, 0x00, 0x00, 0x00, 0x00, 0x00, 0x00, 0x08, 0x01, 0x00, 0x00, 0x04, 0x00, 0x00, 0x00,
0x30, 0x01, 0x00, 0x00, 0x00, 0x00, 0x00, 0x00, 0x28, 0x34, 0x00, 0x00, 0x00, 0x00, 0x00, 0x00,
0x0a, 0x01, 0x00, 0x00, 0x04, 0x00, 0x00, 0x00, 0x30, 0x01, 0x00, 0x00, 0x00, 0x00, 0x00, 0x00,
0x34, 0x34, 0x00, 0x00, 0x00, 0x00, 0x00, 0x00, 0x0c, 0x01, 0x00, 0x00, 0x04, 0x00, 0x00, 0x00,
0x30, 0x01, 0x00, 0x00, 0x00, 0x00, 0x00, 0x00, 0x4c, 0x34, 0x00, 0x00, 0x00, 0x00, 0x00, 0x00,
0x0d, 0x01, 0x00, 0x00, 0x04, 0x00, 0x00, 0x00, 0x30, 0x01, 0x00, 0x00, 0x00, 0x00, 0x00, 0x00,
0x64, 0x34, 0x00, 0x00, 0x00, 0x00, 0x00, 0x00, 0x1b, 0x01, 0x00, 0x00, 0x30, 0x00, 0x00, 0x00,
0x00, 0x00, 0x00, 0x00, 0x00, 0x00, 0x00, 0x00, 0x74, 0x34, 0x00, 0x00, 0x00, 0x00, 0x00, 0x00,
0x1b, 0x01, 0x00, 0x00, 0x30, 0x00, 0x00, 0x00, 0x00, 0x00, 0x00, 0x00, 0x00, 0x00, 0x00, 0x00,
0x00, 0x2e, 0x72, 0x65, 0x6c, 0x61, 0x2e, 0x74, 0x65, 0x78, 0x74, 0x00, 0x2e, 0x63, 0x6f, 0x6d,
0x6d, 0x65, 0x6e, 0x74, 0x00, 0x2e, 0x6e, 0x6f, 0x74, 0x65, 0x2e, 0x47, 0x4e, 0x55, 0x2d, 0x73,
0x74, 0x61, 0x63, 0x6b, 0x00, 0x2e, 0x6c, 0x6c, 0x76, 0x6d, 0x5f, 0x61, 0x64, 0x64, 0x72, 0x73,
0x69, 0x67, 0x00, 0x2e, 0x73, 0x68, 0x73, 0x74, 0x72, 0x74, 0x61, 0x62, 0x00, 0x2e, 0x73, 0x74,
0x72, 0x74, 0x61, 0x62, 0x00, 0x2e, 0x73, 0x79, 0x6d, 0x74, 0x61, 0x62, 0x00, 0x2e, 0x64, 0x61,
0x74, 0x61, 0x00, 0x2e, 0x72, 0x6f, 0x64, 0x61, 0x74, 0x61, 0x2e, 0x63, 0x73, 0x74, 0x31, 0x36,
0x00, 0x2e, 0x72, 0x6f, 0x64, 0x61, 0x74, 0x61, 0x2e, 0x73, 0x74, 0x72, 0x31, 0x2e, 0x31, 0x00,
0x00, 0x00, 0x00, 0x00, 0x00, 0x00, 0x00, 0x00, 0x00, 0x00, 0x00, 0x00, 0x00, 0x00, 0x00, 0x00,
0x00, 0x00, 0x00, 0x00, 0x00, 0x00, 0x00, 0x00, 0x00, 0x00, 0x00, 0x00, 0x00, 0x00, 0x00, 0x00,
0x00, 0x00, 0x00, 0x00, 0x00, 0x00, 0x00, 0x00, 0x00, 0x00, 0x00, 0x00, 0x00, 0x00, 0x00, 0x00,
0x00, 0x00, 0x00, 0x00, 0x00, 0x00, 0x00, 0x00, 0x00, 0x00, 0x00, 0x00, 0x00, 0x00, 0x00, 0x00,
0x06, 0x00, 0x00, 0x00, 0x01, 0x00, 0x00, 0x00, 0x06, 0x00, 0x00, 0x00, 0x00, 0x00, 0x00, 0x00,
0x00, 0x00, 0x00, 0x00, 0x00, 0x00, 0x00, 0x00, 0x40, 0x00, 0x00, 0x00, 0x00, 0x00, 0x00, 0x00,
0xa8, 0x35, 0x00, 0x00, 0x00, 0x00, 0x00, 0x00, 0x00, 0x00, 0x00, 0x00, 0x00, 0x00, 0x00, 0x00,
0x10, 0x00, 0x00, 0x00, 0x00, 0x00, 0x00, 0x00, 0x00, 0x00, 0x00, 0x00, 0x00, 0x00, 0x00, 0x00,
0x61, 0x00, 0x00, 0x00, 0x01, 0x00, 0x00, 0x00, 0x32, 0x00, 0x00, 0x00, 0x00, 0x00, 0x00, 0x00,
0x00, 0x00, 0x00, 0x00, 0x00, 0x00, 0x00, 0x00, 0xe8, 0x35, 0x00, 0x00, 0x00, 0x00, 0x00, 0x00,
0xb4, 0x00, 0x00, 0x00, 0x00, 0x00, 0x00, 0x00, 0x00, 0x00, 0x00, 0x00, 0x00, 0x00, 0x00, 0x00,
0x01, 0x00, 0x00, 0x00, 0x00, 0x00, 0x00, 0x00, 0x01, 0x00, 0x00, 0x00, 0x00, 0x00, 0x00, 0x00,
0x53, 0x00, 0x00, 0x00, 0x01, 0x00, 0x00, 0x00, 0x12, 0x00, 0x00, 0x00, 0x00, 0x00, 0x00, 0x00,
0x00, 0x00, 0x00, 0x00, 0x00, 0x00, 0x00, 0x00, 0xa0, 0x36, 0x00, 0x00, 0x00, 0x00, 0x00, 0x00,
0x30, 0x00, 0x00, 0x00, 0x00, 0x00, 0x00, 0x00, 0x00, 0x00, 0x00, 0x00, 0x00, 0x00, 0x00, 0x00,
0x10, 0x00, 0x00, 0x00, 0x00, 0x00, 0x00, 0x00, 0x10, 0x00, 0x00, 0x00, 0x00, 0x00, 0x00, 0x00,
0x4d, 0x00, 0x00, 0x00, 0x01, 0x00, 0x00, 0x00, 0x03, 0x00, 0x00, 0x00, 0x00, 0x00, 0x00, 0x00,
0x00, 0x00, 0x00, 0x00, 0x00, 0x00, 0x00, 0x00, 0xd0, 0x36, 0x00, 0x00, 0x00, 0x00, 0x00, 0x00,
0x70, 0x01, 0x00, 0x00, 0x00, 0x00, 0x00, 0x00, 0x00, 0x00, 0x00, 0x00, 0x00, 0x00, 0x00, 0x00,
0x08, 0x00, 0x00, 0x00, 0x00, 0x00, 0x00, 0x00, 0x00, 0x00, 0x00, 0x00, 0x00, 0x00, 0x00, 0x00,
0x4e, 0x00, 0x00, 0x00, 0x01, 0x00, 0x00, 0x00, 0x03, 0x00, 0x00, 0x00, 0x00, 0x00, 0x00, 0x00,
0x00, 0x00, 0x00, 0x00, 0x00, 0x00, 0x00, 0x00, 0x40, 0x38, 0x00, 0x00, 0x00, 0x00, 0x00, 0x00,
0x08, 0x00, 0x00, 0x00, 0x00, 0x00, 0x00, 0x00, 0x00, 0x00, 0x00, 0x00, 0x00, 0x00, 0x00, 0x00,
0x08, 0x00, 0x00, 0x00, 0x00, 0x00, 0x00, 0x00, 0x00, 0x00, 0x00, 0x00, 0x00, 0x00, 0x00, 0x00,
0x0c, 0x00, 0x00, 0x00, 0x01, 0x00, 0x00, 0x00, 0x30, 0x00, 0x00, 0x00, 0x00, 0x00, 0x00, 0x00,
0x00, 0x00, 0x00, 0x00, 0x00, 0x00, 0x00, 0x00, 0x48, 0x38, 0x00, 0x00, 0x00, 0x00, 0x00, 0x00,
0x16, 0x03, 0x00, 0x00, 0x00, 0x00, 0x00, 0x00, 0x00, 0x00, 0x00, 0x00, 0x00, 0x00, 0x00, 0x00,
0x01, 0x00, 0x00, 0x00, 0x00, 0x00, 0x00, 0x00, 0x01, 0x00, 0x00, 0x00, 0x00, 0x00, 0x00, 0x00,
0x15, 0x00, 0x00, 0x00, 0x01, 0x00, 0x00, 0x00, 0x00, 0x00, 0x00, 0x00, 0x00, 0x00, 0x00, 0x00,
0x00, 0x00, 0x00, 0x00, 0x00, 0x00, 0x00, 0x00, 0x5e, 0x3b, 0x00, 0x00, 0x00, 0x00, 0x00, 0x00,
0x00, 0x00, 0x00, 0x00, 0x00, 0x00, 0x00, 0x00, 0x00, 0x00, 0x00, 0x00, 0x00, 0x00, 0x00, 0x00,
0x01, 0x00, 0x00, 0x00, 0x00, 0x00, 0x00, 0x00, 0x00, 0x00, 0x00, 0x00, 0x00, 0x00, 0x00, 0x00,
0x25, 0x00, 0x00, 0x00, 0x03, 0x4c, 0xff, 0x6f, 0x00, 0x00, 0x00, 0x80, 0x00, 0x00, 0x00, 0x00,
0x00, 0x00, 0x00, 0x00, 0x00, 0x00, 0x00, 0x00, 0x5e, 0x3b, 0x00, 0x00, 0x00, 0x00, 0x00, 0x00,
0x03, 0x00, 0x00, 0x00, 0x00, 0x00, 0x00, 0x00, 0x00, 0x00, 0x00, 0x00, 0x00, 0x00, 0x00, 0x00,
0x01, 0x00, 0x00, 0x00, 0x00, 0x00, 0x00, 0x00, 0x00, 0x00, 0x00, 0x00, 0x00, 0x00, 0x00, 0x00,
0x45, 0x00, 0x00, 0x00, 0x02, 0x00, 0x00, 0x00, 0x00, 0x00, 0x00, 0x00, 0x00, 0x00, 0x00, 0x00,
0x00, 0x00, 0x00, 0x00, 0x00, 0x00, 0x00, 0x00, 0x68, 0x3b, 0x00, 0x00, 0x00, 0x00, 0x00, 0x00,
0xf8, 0x04, 0x00, 0x00, 0x00, 0x00, 0x00, 0x00, 0x0a, 0x00, 0x00, 0x00, 0x1f, 0x00, 0x00, 0x00,
0x08, 0x00, 0x00, 0x00, 0x00, 0x00, 0x00, 0x00, 0x18, 0x00, 0x00, 0x00, 0x00, 0x00, 0x00, 0x00,
0x3d, 0x00, 0x00, 0x00, 0x03, 0x00, 0x00, 0x00, 0x00, 0x00, 0x00, 0x00, 0x00, 0x00, 0x00, 0x00,
0x00, 0x00, 0x00, 0x00, 0x00, 0x00, 0x00, 0x00, 0x60, 0x40, 0x00, 0x00, 0x00, 0x00, 0x00, 0x00,
0x1d, 0x01, 0x00, 0x00, 0x00, 0x00, 0x00, 0x00, 0x00, 0x00, 0x00, 0x00, 0x00, 0x00, 0x00, 0x00,
0x01, 0x00, 0x00, 0x00, 0x00, 0x00, 0x00, 0x00, 0x00, 0x00, 0x00, 0x00, 0x00, 0x00, 0x00, 0x00,
0x01, 0x00, 0x00, 0x00, 0x04, 0x00, 0x00, 0x00, 0x40, 0x00, 0x00, 0x00, 0x00, 0x00, 0x00, 0x00,
0x00, 0x00, 0x00, 0x00, 0x00, 0x00, 0x00, 0x00, 0x80, 0x41, 0x00, 0x00, 0x00, 0x00, 0x00, 0x00,
0x80, 0x0a, 0x00, 0x00, 0x00, 0x00, 0x00, 0x00, 0x09, 0x00, 0x00, 0x00, 0x01, 0x00, 0x00, 0x00,
0x08, 0x00, 0x00, 0x00, 0x00, 0x00, 0x00, 0x00, 0x18, 0x00, 0x00, 0x00, 0x00, 0x00, 0x00, 0x00,
0x33, 0x00, 0x00, 0x00, 0x03, 0x00, 0x00, 0x00, 0x00, 0x00, 0x00, 0x00, 0x00, 0x00, 0x00, 0x00,
0x00, 0x00, 0x00, 0x00, 0x00, 0x00, 0x00, 0x00, 0x00, 0x4c, 0x00, 0x00, 0x00, 0x00, 0x00, 0x00,
0x70, 0x00, 0x00, 0x00, 0x00, 0x00, 0x00, 0x00, 0x00, 0x00, 0x00, 0x00, 0x00, 0x00, 0x00, 0x00,
0x01, 0x00, 0x00, 0x00, 0x00, 0x00, 0x00, 0x00, 0x00, 0x00, 0x00, 0x00, 0x00, 0x00, 0x00, 0x00,

};
size_t purgatory_size = sizeof(purgatory);
